{"annotatable":{"parts":["s1s1v1","s1s2h1","s1s2v1","s1s3h1","s1s3v1","s1s4h1","s1s4v1","s1s5h1","s1s5v1","s1s6h1","s1s6v1"]},"anncomplete":true,"sources":[],"metas":{"m_10":{"value":"op_relevant","confidence":{"state":"pre-added","who":["user:snelsons"],"prob":0.5}},"m_12":{"value":false,"confidence":{"state":"pre-added","who":["user:snelsons"],"prob":0.5}}},"entities":[{"classId":"e_2","part":"s1s3v1","offsets":[{"start":192,"text":"Marquesah Troycine Fox"}],"coordinates":[],"confidence":{"state":"pre-added","who":["user:ericalozano"],"prob":0.5},"fields":{"f_4":{"value":"35","confidence":{"state":"pre-added","who":["user:ericalozano"],"prob":0.5}},"f_7":{"value":true,"confidence":{"state":"pre-added","who":["user:ericalozano"],"prob":0.5}},"f_6":{"value":"Anaheim, California","confidence":{"state":"pre-added","who":["user:ericalozano"],"prob":0.5}},"f_5":{"value":"Female","confidence":{"state":"pre-added","who":["user:ericalozano"],"prob":0.5}}},"normalizations":{}},{"classId":"e_2","part":"s1s3v1","offsets":[{"start":224,"text":"Anthony Larue Jackson"}],"coordinates":[],"confidence":{"state":"pre-added","who":["user:ericalozano"],"prob":0.5},"fields":{"f_4":{"value":"44","confidence":{"state":"pre-added","who":["user:ericalozano"],"prob":0.5}},"f_7":{"value":true,"confidence":{"state":"pre-added","who":["user:ericalozano"],"prob":0.5}},"f_6":{"value":"Anaheim, California","confidence":{"state":"pre-added","who":["user:ericalozano"],"prob":0.5}},"f_5":{"value":"Male","confidence":{"state":"pre-added","who":["user:ericalozano"],"prob":0.5}}},"normalizations":{}},{"classId":"e_3","part":"s1s3v1","offsets":[{"start":327,"text":"Anaheim"}],"coordinates":[],"confidence":{"state":"pre-added","who":["user:ericalozano"],"prob":0.5},"fields":{"f_6":{"value":"Anaheim, California","confidence":{"state":"pre-added","who":["user:ericalozano"],"prob":0.5}}},"normalizations":{}},{"classId":"e_3","part":"s1s3v1","offsets":[{"start":393,"text":"Orange County"}],"coordinates":[],"confidence":{"state":"pre-added","who":["ml:regex"],"prob":0.25},"fields":{"f_6":{"value":"Orange County, California","confidence":{"state":"pre-added","who":["user:ericalozano"],"prob":0.5}}},"normalizations":{}},{"classId":"e_3","part":"s1s3v1","offsets":[{"start":903,"text":"Southern California"}],"coordinates":[],"confidence":{"state":"pre-added","who":["user:ericalozano"],"prob":0.5},"fields":{"f_6":{"value":"Southern California","confidence":{"state":"pre-added","who":["user:ericalozano"],"prob":0.5}}},"normalizations":{}},{"classId":"e_3","part":"s1s3v1","offsets":[{"start":912,"text":"California"}],"coordinates":[],"confidence":{"state":"pre-added","who":["user:snelsons"],"prob":0.5},"fields":{},"normalizations":{}},{"classId":"e_3","part":"s1s3v1","offsets":[{"start":1462,"text":"Orange County"}],"coordinates":[],"confidence":{"state":"pre-added","who":["user:ericalozano"],"prob":0.5},"fields":{"f_6":{"value":"Orange County, California","confidence":{"state":"pre-added","who":["user:ericalozano"],"prob":0.5}}},"normalizations":{}},{"classId":"e_3","part":"s1s3v1","offsets":[{"start":1812,"text":"Orange County"}],"coordinates":[],"confidence":{"state":"pre-added","who":["ml:regex"],"prob":0.25},"fields":{"f_6":{"value":"Orange County, California","confidence":{"state":"pre-added","who":["user:ericalozano"],"prob":0.5}}},"normalizations":{}},{"classId":"e_3","part":"s1s3v1","offsets":[{"start":1916,"text":"Orange County"}],"coordinates":[],"confidence":{"state":"pre-added","who":["ml:regex"],"prob":0.25},"fields":{"f_6":{"value":"Orange County, California","confidence":{"state":"pre-added","who":["user:ericalozano"],"prob":0.5}}},"normalizations":{}},{"classId":"e_3","part":"s1s3v1","offsets":[{"start":1967,"text":"Anaheim"}],"coordinates":[],"confidence":{"state":"pre-added","who":["ml:regex"],"prob":0.25},"fields":{"f_6":{"value":"Anaheim, California","confidence":{"state":"pre-added","who":["user:ericalozano"],"prob":0.5}}},"normalizations":{}},{"classId":"e_3","part":"s1s3v1","offsets":[{"start":2126,"text":"Orange County"}],"coordinates":[],"confidence":{"state":"pre-added","who":["ml:regex"],"prob":0.25},"fields":{"f_6":{"value":"Orange County, California","confidence":{"state":"pre-added","who":["user:ericalozano"],"prob":0.5}}},"normalizations":{}},{"classId":"e_3","part":"s1s4v1","offsets":[{"start":28,"text":"orange county"}],"coordinates":[],"confidence":{"state":"pre-added","who":["ml:regex"],"prob":0.25},"fields":{"f_6":{"value":"Orange County, California","confidence":{"state":"pre-added","who":["user:ericalozano"],"prob":0.5}}},"normalizations":{}}],"relations":[]}