{"annotatable":{"parts":["s1s1v1","s1s2h1","s1s2v1","s1s3h1","s1s3v1","s1s4h1","s1s4v1","s1s5h1","s1s5v1","s1s6h1","s1s6v1"]},"anncomplete":true,"sources":[],"metas":{"m_10":{"value":"op_relevant","confidence":{"state":"pre-added","who":["user:pcale1968"],"prob":1}}},"entities":[{"classId":"e_1","part":"s1s3v1","offsets":[{"start":315,"text":"Yetunde Abraham"}],"coordinates":[],"confidence":{"state":"pre-added","who":["user:skarabetsos"],"prob":1},"fields":{"f_5":{"value":"Female","confidence":{"state":"pre-added","who":["user:skarabetsos"],"prob":1}},"f_9":{"value":"Promise of job","confidence":{"state":"pre-added","who":["user:skarabetsos"],"prob":1}}},"normalizations":{}},{"classId":"e_3","part":"s1s3v1","offsets":[{"start":699,"text":"Europe"}],"coordinates":[],"confidence":{"state":"pre-added","who":["ml:regex"],"prob":0.5},"fields":{},"normalizations":{}},{"classId":"e_3","part":"s1s3v1","offsets":[{"start":710,"text":"America"}],"coordinates":[],"confidence":{"state":"pre-added","who":["user:skarabetsos"],"prob":1},"fields":{},"normalizations":{}},{"classId":"e_3","part":"s1s3v1","offsets":[{"start":6423,"text":"Nigeria"}],"coordinates":[],"confidence":{"state":"pre-added","who":["ml:regex"],"prob":0.5},"fields":{"f_5":{"value":"Female","confidence":{"state":"pre-added","who":["user:skarabetsos"],"prob":1}},"f_4":{"value":"30","confidence":{"state":"pre-added","who":["user:skarabetsos"],"prob":1}},"f_8":{"value":"Work","confidence":{"state":"pre-added","who":["user:skarabetsos"],"prob":1}}},"normalizations":{}},{"classId":"e_3","part":"s1s3v1","offsets":[{"start":6439,"text":"Nigeria"}],"coordinates":[],"confidence":{"state":"pre-added","who":["ml:regex"],"prob":0.5},"fields":{"f_5":{"value":"Female","confidence":{"state":"pre-added","who":["user:skarabetsos"],"prob":1}},"f_4":{"value":"30","confidence":{"state":"pre-added","who":["user:skarabetsos"],"prob":1}},"f_8":{"value":"Work","confidence":{"state":"pre-added","who":["user:skarabetsos"],"prob":1}}},"normalizations":{}},{"classId":"e_3","part":"s1s3v1","offsets":[{"start":6519,"text":"Nigeria"}],"coordinates":[],"confidence":{"state":"pre-added","who":["ml:regex","user:skarabetsos"],"prob":1},"fields":{},"normalizations":{}},{"classId":"e_3","part":"s1s3v1","offsets":[{"start":6716,"text":"Nigeria"}],"coordinates":[],"confidence":{"state":"pre-added","who":["ml:regex"],"prob":0.5},"fields":{"f_5":{"value":"Female","confidence":{"state":"pre-added","who":["user:skarabetsos"],"prob":1}},"f_4":{"value":"30","confidence":{"state":"pre-added","who":["user:skarabetsos"],"prob":1}},"f_8":{"value":"Work","confidence":{"state":"pre-added","who":["user:skarabetsos"],"prob":1}}},"normalizations":{}},{"classId":"e_3","part":"s1s3v1","offsets":[{"start":7244,"text":"Nigeria"}],"coordinates":[],"confidence":{"state":"pre-added","who":["user:skarabetsos"],"prob":1},"fields":{},"normalizations":{}},{"classId":"e_3","part":"s1s3v1","offsets":[{"start":7626,"text":"Nigeria"}],"coordinates":[],"confidence":{"state":"pre-added","who":["ml:regex"],"prob":0.5},"fields":{"f_5":{"value":"Female","confidence":{"state":"pre-added","who":["user:skarabetsos"],"prob":1}},"f_4":{"value":"30","confidence":{"state":"pre-added","who":["user:skarabetsos"],"prob":1}},"f_8":{"value":"Work","confidence":{"state":"pre-added","who":["user:skarabetsos"],"prob":1}}},"normalizations":{}},{"classId":"e_3","part":"s1s3v1","offsets":[{"start":7789,"text":"Kano"}],"coordinates":[],"confidence":{"state":"pre-added","who":["ml:regex"],"prob":0.5},"fields":{},"normalizations":{}},{"classId":"e_2","part":"s1s3v1","offsets":[{"start":7800,"text":"Nurudeen Sani"}],"coordinates":[],"confidence":{"state":"pre-added","who":["user:skarabetsos"],"prob":1},"fields":{"f_7":{"value":true,"confidence":{"state":"pre-added","who":["user:skarabetsos"],"prob":1}},"f_5":{"value":"Male","confidence":{"state":"pre-added","who":["user:skarabetsos"],"prob":1}}},"normalizations":{}},{"classId":"e_3","part":"s1s3v1","offsets":[{"start":7910,"text":"Europe"}],"coordinates":[],"confidence":{"state":"pre-added","who":["user:skarabetsos"],"prob":1},"fields":{},"normalizations":{}},{"classId":"e_3","part":"s1s3v1","offsets":[{"start":8055,"text":"Libya"}],"coordinates":[],"confidence":{"state":"pre-added","who":["ml:regex"],"prob":0.5},"fields":{},"normalizations":{}},{"classId":"e_2","part":"s1s3v1","offsets":[{"start":8177,"text":"Ejiofor Izuchukwu"}],"coordinates":[],"confidence":{"state":"pre-added","who":["user:skarabetsos"],"prob":1},"fields":{"f_7":{"value":true,"confidence":{"state":"pre-added","who":["user:skarabetsos"],"prob":1}}},"normalizations":{}},{"classId":"e_2","part":"s1s3v1","offsets":[{"start":8199,"text":"Nzube Okafor"}],"coordinates":[],"confidence":{"state":"pre-added","who":["user:skarabetsos"],"prob":1},"fields":{"f_7":{"value":true,"confidence":{"state":"pre-added","who":["user:skarabetsos"],"prob":1}}},"normalizations":{}},{"classId":"e_3","part":"s1s3v1","offsets":[{"start":8260,"text":"Dubai, United Arab Emirates"}],"coordinates":[],"confidence":{"state":"pre-added","who":["user:skarabetsos"],"prob":1},"fields":{},"normalizations":{}},{"classId":"e_3","part":"s1s3v1","offsets":[{"start":8315,"text":"Benin Republic"}],"coordinates":[],"confidence":{"state":"pre-added","who":["user:skarabetsos"],"prob":1},"fields":{"f_6":{"value":"NIS Hotel","confidence":{"state":"pre-added","who":["user:skarabetsos"],"prob":1}}},"normalizations":{}},{"classId":"e_2","part":"s1s3v1","offsets":[{"start":8454,"text":"Comfort Innocent"}],"coordinates":[],"confidence":{"state":"pre-added","who":["user:skarabetsos"],"prob":1},"fields":{"f_7":{"value":true,"confidence":{"state":"pre-added","who":["user:skarabetsos"],"prob":1}},"f_5":{"value":"Female","confidence":{"state":"pre-added","who":["user:skarabetsos"],"prob":1}}},"normalizations":{}},{"classId":"e_3","part":"s1s3v1","offsets":[{"start":8515,"text":"Ogun State"}],"coordinates":[],"confidence":{"state":"pre-added","who":["user:skarabetsos"],"prob":1},"fields":{},"normalizations":{}},{"classId":"e_1","part":"s1s3v1","offsets":[{"start":8540,"text":"Blessing Aduratola"}],"coordinates":[],"confidence":{"state":"pre-added","who":["user:skarabetsos"],"prob":1},"fields":{"f_4":{"value":"15","confidence":{"state":"pre-added","who":["user:skarabetsos"],"prob":1}},"f_5":{"value":"Female","confidence":{"state":"pre-added","who":["user:skarabetsos"],"prob":1}}},"normalizations":{}},{"classId":"e_1","part":"s1s3v1","offsets":[{"start":8568,"text":"Hasisat Fasasi"}],"coordinates":[],"confidence":{"state":"pre-added","who":["user:skarabetsos"],"prob":1},"fields":{"f_5":{"value":"Female","confidence":{"state":"pre-added","who":["user:skarabetsos"],"prob":1}},"f_4":{"value":"16","confidence":{"state":"pre-added","who":["user:skarabetsos"],"prob":1}}},"normalizations":{}},{"classId":"e_3","part":"s1s3v1","offsets":[{"start":8610,"text":"Kaduna"}],"coordinates":[],"confidence":{"state":"pre-added","who":["user:skarabetsos"],"prob":1},"fields":{},"normalizations":{}},{"classId":"e_3","part":"s1s3v1","offsets":[{"start":8659,"text":"Libya"}],"coordinates":[],"confidence":{"state":"pre-added","who":["user:skarabetsos"],"prob":1},"fields":{},"normalizations":{}},{"classId":"e_3","part":"s1s3v1","offsets":[{"start":8688,"text":"Italy"}],"coordinates":[],"confidence":{"state":"pre-added","who":["user:skarabetsos"],"prob":1},"fields":{},"normalizations":{}},{"classId":"e_3","part":"s1s3v1","offsets":[{"start":8817,"text":"Akwa Ibom"}],"coordinates":[],"confidence":{"state":"pre-added","who":["ml:regex"],"prob":0.5},"fields":{},"normalizations":{}},{"classId":"e_3","part":"s1s3v1","offsets":[{"start":8898,"text":"Ogun State"}],"coordinates":[],"confidence":{"state":"pre-added","who":["ml:regex"],"prob":0.5},"fields":{"f_6":{"value":"Kolap Hotel","confidence":{"state":"pre-added","who":["user:skarabetsos"],"prob":1}}},"normalizations":{}},{"classId":"e_3","part":"s1s3v1","offsets":[{"start":8941,"text":"Kano"}],"coordinates":[],"confidence":{"state":"pre-added","who":["user:skarabetsos"],"prob":1},"fields":{},"normalizations":{}},{"classId":"e_3","part":"s1s3v1","offsets":[{"start":8967,"text":"Ondo"}],"coordinates":[],"confidence":{"state":"pre-added","who":["user:skarabetsos"],"prob":1},"fields":{},"normalizations":{}},{"classId":"e_3","part":"s1s3v1","offsets":[{"start":8973,"text":"Ekiti"}],"coordinates":[],"confidence":{"state":"pre-added","who":["user:skarabetsos"],"prob":1},"fields":{},"normalizations":{}},{"classId":"e_3","part":"s1s3v1","offsets":[{"start":8980,"text":"Delta"}],"coordinates":[],"confidence":{"state":"pre-added","who":["user:skarabetsos"],"prob":1},"fields":{},"normalizations":{}},{"classId":"e_3","part":"s1s3v1","offsets":[{"start":8987,"text":"Anambra"}],"coordinates":[],"confidence":{"state":"pre-added","who":["user:skarabetsos"],"prob":1},"fields":{},"normalizations":{}},{"classId":"e_3","part":"s1s3v1","offsets":[{"start":8996,"text":"Edo"}],"coordinates":[],"confidence":{"state":"pre-added","who":["user:skarabetsos"],"prob":1},"fields":{},"normalizations":{}},{"classId":"e_3","part":"s1s3v1","offsets":[{"start":9001,"text":"Osun"}],"coordinates":[],"confidence":{"state":"pre-added","who":["user:skarabetsos"],"prob":1},"fields":{},"normalizations":{}},{"classId":"e_3","part":"s1s3v1","offsets":[{"start":9007,"text":"Kogi"}],"coordinates":[],"confidence":{"state":"pre-added","who":["user:skarabetsos"],"prob":1},"fields":{},"normalizations":{}},{"classId":"e_3","part":"s1s3v1","offsets":[{"start":9013,"text":"Akwa Ibom"}],"coordinates":[],"confidence":{"state":"pre-added","who":["user:skarabetsos"],"prob":1},"fields":{},"normalizations":{}},{"classId":"e_3","part":"s1s3v1","offsets":[{"start":9024,"text":"Kwara"}],"coordinates":[],"confidence":{"state":"pre-added","who":["user:skarabetsos"],"prob":1},"fields":{},"normalizations":{}},{"classId":"e_3","part":"s1s3v1","offsets":[{"start":9031,"text":"Ogun"}],"coordinates":[],"confidence":{"state":"pre-added","who":["user:skarabetsos"],"prob":1},"fields":{},"normalizations":{}},{"classId":"e_3","part":"s1s3v1","offsets":[{"start":9040,"text":"Lagos"}],"coordinates":[],"confidence":{"state":"pre-added","who":["user:skarabetsos"],"prob":1},"fields":{},"normalizations":{}},{"classId":"e_3","part":"s1s3v1","offsets":[{"start":9064,"text":"Rivers"}],"coordinates":[],"confidence":{"state":"pre-added","who":["user:skarabetsos"],"prob":1},"fields":{},"normalizations":{}},{"classId":"e_3","part":"s1s3v1","offsets":[{"start":9072,"text":"Oyo"}],"coordinates":[],"confidence":{"state":"pre-added","who":["user:skarabetsos"],"prob":1},"fields":{},"normalizations":{}},{"classId":"e_3","part":"s1s3v1","offsets":[{"start":9077,"text":"Osun"}],"coordinates":[],"confidence":{"state":"pre-added","who":["ml:regex"],"prob":0.5},"fields":{},"normalizations":{}},{"classId":"e_3","part":"s1s3v1","offsets":[{"start":9083,"text":"Delta"}],"coordinates":[],"confidence":{"state":"pre-added","who":["ml:regex"],"prob":0.5},"fields":{},"normalizations":{}},{"classId":"e_3","part":"s1s3v1","offsets":[{"start":9093,"text":"Ogun"}],"coordinates":[],"confidence":{"state":"pre-added","who":["ml:regex"],"prob":0.5},"fields":{},"normalizations":{}},{"classId":"e_3","part":"s1s3v1","offsets":[{"start":9125,"text":"Libya"}],"coordinates":[],"confidence":{"state":"pre-added","who":["ml:regex"],"prob":0.5},"fields":{},"normalizations":{}},{"classId":"e_1","part":"s1s3v1","offsets":[{"start":17762,"text":"Marvin"}],"coordinates":[],"confidence":{"state":"pre-added","who":["user:skarabetsos"],"prob":1},"fields":{"f_5":{"value":"Male","confidence":{"state":"pre-added","who":["user:skarabetsos"],"prob":1}},"f_9":{"value":"Travel","confidence":{"state":"pre-added","who":["user:skarabetsos"],"prob":1}}},"normalizations":{}},{"classId":"e_3","part":"s1s3v1","offsets":[{"start":17850,"text":"Europe"}],"coordinates":[],"confidence":{"state":"pre-added","who":["ml:regex"],"prob":0.5},"fields":{},"normalizations":{}},{"classId":"e_1","part":"s1s3v1","offsets":[{"start":17858,"text":"Marvin"}],"coordinates":[],"confidence":{"state":"pre-added","who":["ml:regex"],"prob":0.5},"fields":{"f_5":{"value":"Male","confidence":{"state":"pre-added","who":["user:skarabetsos"],"prob":1}},"f_9":{"value":"Travel","confidence":{"state":"pre-added","who":["user:skarabetsos"],"prob":1}}},"normalizations":{}},{"classId":"e_3","part":"s1s3v1","offsets":[{"start":17922,"text":"Delta"}],"coordinates":[],"confidence":{"state":"pre-added","who":["ml:regex"],"prob":0.5},"fields":{},"normalizations":{}},{"classId":"e_3","part":"s1s3v1","offsets":[{"start":17981,"text":"Libya"}],"coordinates":[],"confidence":{"state":"pre-added","who":["ml:regex"],"prob":0.5},"fields":{},"normalizations":{}},{"classId":"e_3","part":"s1s3v1","offsets":[{"start":18033,"text":"Libya"}],"coordinates":[],"confidence":{"state":"pre-added","who":["ml:regex"],"prob":0.5},"fields":{},"normalizations":{}},{"classId":"e_3","part":"s1s3v1","offsets":[{"start":18541,"text":"Nigeria"}],"coordinates":[],"confidence":{"state":"pre-added","who":["ml:regex"],"prob":0.5},"fields":{"f_5":{"value":"Female","confidence":{"state":"pre-added","who":["user:skarabetsos"],"prob":1}},"f_4":{"value":"30","confidence":{"state":"pre-added","who":["user:skarabetsos"],"prob":1}},"f_8":{"value":"Work","confidence":{"state":"pre-added","who":["user:skarabetsos"],"prob":1}}},"normalizations":{}},{"classId":"e_3","part":"s1s3v1","offsets":[{"start":18552,"text":"Agadez"}],"coordinates":[],"confidence":{"state":"pre-added","who":["user:skarabetsos"],"prob":1},"fields":{},"normalizations":{}},{"classId":"e_3","part":"s1s3v1","offsets":[{"start":18562,"text":"Niger"}],"coordinates":[],"confidence":{"state":"pre-added","who":["user:skarabetsos"],"prob":1},"fields":{},"normalizations":{}},{"classId":"e_3","part":"s1s3v1","offsets":[{"start":18595,"text":"Agadez"}],"coordinates":[],"confidence":{"state":"pre-added","who":["ml:regex"],"prob":0.5},"fields":{},"normalizations":{}},{"classId":"e_3","part":"s1s3v1","offsets":[{"start":18642,"text":"Libya"}],"coordinates":[],"confidence":{"state":"pre-added","who":["ml:regex"],"prob":0.5},"fields":{},"normalizations":{}},{"classId":"e_3","part":"s1s3v1","offsets":[{"start":18653,"text":"Agadez"}],"coordinates":[],"confidence":{"state":"pre-added","who":["ml:regex"],"prob":0.5},"fields":{},"normalizations":{}},{"classId":"e_3","part":"s1s3v1","offsets":[{"start":18880,"text":"Libya"}],"coordinates":[],"confidence":{"state":"pre-added","who":["ml:regex"],"prob":0.5},"fields":{},"normalizations":{}},{"classId":"e_3","part":"s1s3v1","offsets":[{"start":18913,"text":"Europe"}],"coordinates":[],"confidence":{"state":"pre-added","who":["ml:regex"],"prob":0.5},"fields":{},"normalizations":{}},{"classId":"e_1","part":"s1s3v1","offsets":[{"start":19747,"text":"Popoola Adesewa"}],"coordinates":[],"confidence":{"state":"pre-added","who":["user:skarabetsos"],"prob":1},"fields":{"f_4":{"value":"27","confidence":{"state":"pre-added","who":["user:skarabetsos"],"prob":1}},"f_9":{"value":"Travel","confidence":{"state":"pre-added","who":["user:skarabetsos"],"prob":1}},"f_5":{"value":"Female","confidence":{"state":"pre-added","who":["user:skarabetsos"],"prob":1}},"f_8":{"value":"Work, prostitution","confidence":{"state":"pre-added","who":["user:skarabetsos"],"prob":1}}},"normalizations":{}},{"classId":"e_1","part":"s1s3v1","offsets":[{"start":19776,"text":"Popoola Adesewa"}],"coordinates":[],"confidence":{"state":"pre-added","who":["ml:regex"],"prob":0.5},"fields":{"f_4":{"value":"27","confidence":{"state":"pre-added","who":["user:skarabetsos"],"prob":1}},"f_9":{"value":"Travel","confidence":{"state":"pre-added","who":["user:skarabetsos"],"prob":1}},"f_5":{"value":"Female","confidence":{"state":"pre-added","who":["user:skarabetsos"],"prob":1}}},"normalizations":{}},{"classId":"e_3","part":"s1s3v1","offsets":[{"start":19807,"text":"Ogun State"}],"coordinates":[],"confidence":{"state":"pre-added","who":["ml:regex"],"prob":0.5},"fields":{},"normalizations":{}},{"classId":"e_3","part":"s1s3v1","offsets":[{"start":19874,"text":"Italy"}],"coordinates":[],"confidence":{"state":"pre-added","who":["ml:regex"],"prob":0.5},"fields":{},"normalizations":{}},{"classId":"e_3","part":"s1s3v1","offsets":[{"start":19934,"text":"Italy"}],"coordinates":[],"confidence":{"state":"pre-added","who":["ml:regex"],"prob":0.5},"fields":{},"normalizations":{}},{"classId":"e_3","part":"s1s3v1","offsets":[{"start":19973,"text":"Libya"}],"coordinates":[],"confidence":{"state":"pre-added","who":["ml:regex"],"prob":0.5},"fields":{},"normalizations":{}},{"classId":"e_3","part":"s1s3v1","offsets":[{"start":20022,"text":"Libya"}],"coordinates":[],"confidence":{"state":"pre-added","who":["ml:regex"],"prob":0.5},"fields":{},"normalizations":{}},{"classId":"e_3","part":"s1s3v1","offsets":[{"start":20066,"text":"Libya"}],"coordinates":[],"confidence":{"state":"pre-added","who":["ml:regex"],"prob":0.5},"fields":{},"normalizations":{}},{"classId":"e_3","part":"s1s3v1","offsets":[{"start":20090,"text":"Italy"}],"coordinates":[],"confidence":{"state":"pre-added","who":["ml:regex"],"prob":0.5},"fields":{},"normalizations":{}},{"classId":"e_3","part":"s1s3v1","offsets":[{"start":20208,"text":"Agadez"}],"coordinates":[],"confidence":{"state":"pre-added","who":["ml:regex"],"prob":0.5},"fields":{},"normalizations":{}},{"classId":"e_3","part":"s1s3v1","offsets":[{"start":20661,"text":"Agadez"}],"coordinates":[],"confidence":{"state":"pre-added","who":["ml:regex"],"prob":0.5},"fields":{},"normalizations":{}},{"classId":"e_3","part":"s1s3v1","offsets":[{"start":20672,"text":"Dururku"}],"coordinates":[],"confidence":{"state":"pre-added","who":["user:skarabetsos"],"prob":1},"fields":{},"normalizations":{}},{"classId":"e_3","part":"s1s3v1","offsets":[{"start":20876,"text":"Libya"}],"coordinates":[],"confidence":{"state":"pre-added","who":["ml:regex"],"prob":0.5},"fields":{},"normalizations":{}},{"classId":"e_3","part":"s1s3v1","offsets":[{"start":21034,"text":"Libya"}],"coordinates":[],"confidence":{"state":"pre-added","who":["ml:regex"],"prob":0.5},"fields":{},"normalizations":{}},{"classId":"e_3","part":"s1s3v1","offsets":[{"start":21045,"text":"Nigeria"}],"coordinates":[],"confidence":{"state":"pre-added","who":["ml:regex"],"prob":0.5},"fields":{"f_5":{"value":"Female","confidence":{"state":"pre-added","who":["user:skarabetsos"],"prob":1}},"f_4":{"value":"30","confidence":{"state":"pre-added","who":["user:skarabetsos"],"prob":1}},"f_8":{"value":"Work","confidence":{"state":"pre-added","who":["user:skarabetsos"],"prob":1}}},"normalizations":{}},{"classId":"e_3","part":"s1s3v1","offsets":[{"start":21278,"text":"Nigeria"}],"coordinates":[],"confidence":{"state":"pre-added","who":["ml:regex"],"prob":0.5},"fields":{"f_5":{"value":"Female","confidence":{"state":"pre-added","who":["user:skarabetsos"],"prob":1}},"f_4":{"value":"30","confidence":{"state":"pre-added","who":["user:skarabetsos"],"prob":1}},"f_8":{"value":"Work","confidence":{"state":"pre-added","who":["user:skarabetsos"],"prob":1}}},"normalizations":{}},{"classId":"e_3","part":"s1s3v1","offsets":[{"start":23284,"text":"Libya"}],"coordinates":[],"confidence":{"state":"pre-added","who":["ml:regex"],"prob":0.5},"fields":{},"normalizations":{}},{"classId":"e_1","part":"s1s3v1","offsets":[{"start":23367,"text":"Deola Debora"}],"coordinates":[],"confidence":{"state":"pre-added","who":["user:skarabetsos"],"prob":1},"fields":{"f_4":{"value":"21","confidence":{"state":"pre-added","who":["user:skarabetsos"],"prob":1}},"f_9":{"value":"Travel, education","confidence":{"state":"pre-added","who":["user:skarabetsos"],"prob":1}},"f_5":{"value":"Female","confidence":{"state":"pre-added","who":["user:skarabetsos"],"prob":1}},"f_8":{"value":"Housemaid","confidence":{"state":"pre-added","who":["user:skarabetsos"],"prob":1}}},"normalizations":{}},{"classId":"e_3","part":"s1s3v1","offsets":[{"start":23381,"text":"Ogun State"}],"coordinates":[],"confidence":{"state":"pre-added","who":["ml:regex"],"prob":0.5},"fields":{},"normalizations":{}},{"classId":"e_1","part":"s1s3v1","offsets":[{"start":23397,"text":"Deola Debora"}],"coordinates":[],"confidence":{"state":"pre-added","who":["ml:regex"],"prob":0.5},"fields":{"f_4":{"value":"21","confidence":{"state":"pre-added","who":["user:skarabetsos"],"prob":1}},"f_9":{"value":"Travel, education","confidence":{"state":"pre-added","who":["user:skarabetsos"],"prob":1}},"f_5":{"value":"Female","confidence":{"state":"pre-added","who":["user:skarabetsos"],"prob":1}},"f_8":{"value":"Housemaid","confidence":{"state":"pre-added","who":["user:skarabetsos"],"prob":1}}},"normalizations":{}},{"classId":"e_3","part":"s1s3v1","offsets":[{"start":23509,"text":"America"}],"coordinates":[],"confidence":{"state":"pre-added","who":["ml:regex"],"prob":0.5},"fields":{},"normalizations":{}},{"classId":"e_3","part":"s1s3v1","offsets":[{"start":23557,"text":"Libya"}],"coordinates":[],"confidence":{"state":"pre-added","who":["ml:regex"],"prob":0.5},"fields":{},"normalizations":{}},{"classId":"e_3","part":"s1s3v1","offsets":[{"start":23773,"text":"America"}],"coordinates":[],"confidence":{"state":"pre-added","who":["ml:regex"],"prob":0.5},"fields":{},"normalizations":{}},{"classId":"e_3","part":"s1s3v1","offsets":[{"start":23823,"text":"Lagos"}],"coordinates":[],"confidence":{"state":"pre-added","who":["ml:regex"],"prob":0.5},"fields":{},"normalizations":{}},{"classId":"e_3","part":"s1s3v1","offsets":[{"start":23886,"text":"Niger"}],"coordinates":[],"confidence":{"state":"pre-added","who":["ml:regex"],"prob":0.5},"fields":{},"normalizations":{}},{"classId":"e_3","part":"s1s3v1","offsets":[{"start":24101,"text":"Libya"}],"coordinates":[],"confidence":{"state":"pre-added","who":["ml:regex"],"prob":0.5},"fields":{},"normalizations":{}},{"classId":"e_3","part":"s1s3v1","offsets":[{"start":24178,"text":"Libya"}],"coordinates":[],"confidence":{"state":"pre-added","who":["ml:regex"],"prob":0.5},"fields":{},"normalizations":{}},{"classId":"e_3","part":"s1s3v1","offsets":[{"start":24269,"text":"Libya"}],"coordinates":[],"confidence":{"state":"pre-added","who":["ml:regex"],"prob":0.5},"fields":{},"normalizations":{}},{"classId":"e_3","part":"s1s3v1","offsets":[{"start":24280,"text":"Nigeria"}],"coordinates":[],"confidence":{"state":"pre-added","who":["ml:regex"],"prob":0.5},"fields":{"f_5":{"value":"Female","confidence":{"state":"pre-added","who":["user:skarabetsos"],"prob":1}},"f_4":{"value":"30","confidence":{"state":"pre-added","who":["user:skarabetsos"],"prob":1}},"f_8":{"value":"Work","confidence":{"state":"pre-added","who":["user:skarabetsos"],"prob":1}}},"normalizations":{}},{"classId":"e_3","part":"s1s3v1","offsets":[{"start":24634,"text":"America"}],"coordinates":[],"confidence":{"state":"pre-added","who":["ml:regex"],"prob":0.5},"fields":{},"normalizations":{}},{"classId":"e_3","part":"s1s3v1","offsets":[{"start":24845,"text":"Rivers"}],"coordinates":[],"confidence":{"state":"pre-added","who":["ml:regex"],"prob":0.5},"fields":{},"normalizations":{}},{"classId":"e_3","part":"s1s3v1","offsets":[{"start":24876,"text":"Libya"}],"coordinates":[],"confidence":{"state":"pre-added","who":["ml:regex"],"prob":0.5},"fields":{},"normalizations":{}},{"classId":"e_3","part":"s1s3v1","offsets":[{"start":24899,"text":"Nigeria"}],"coordinates":[],"confidence":{"state":"pre-added","who":["ml:regex"],"prob":0.5},"fields":{"f_5":{"value":"Female","confidence":{"state":"pre-added","who":["user:skarabetsos"],"prob":1}},"f_4":{"value":"30","confidence":{"state":"pre-added","who":["user:skarabetsos"],"prob":1}},"f_8":{"value":"Work","confidence":{"state":"pre-added","who":["user:skarabetsos"],"prob":1}}},"normalizations":{}},{"classId":"e_3","part":"s1s3v1","offsets":[{"start":24945,"text":"Nigeria"}],"coordinates":[],"confidence":{"state":"pre-added","who":["ml:regex"],"prob":0.5},"fields":{"f_5":{"value":"Female","confidence":{"state":"pre-added","who":["user:skarabetsos"],"prob":1}},"f_4":{"value":"30","confidence":{"state":"pre-added","who":["user:skarabetsos"],"prob":1}},"f_8":{"value":"Work","confidence":{"state":"pre-added","who":["user:skarabetsos"],"prob":1}}},"normalizations":{}},{"classId":"e_3","part":"s1s3v1","offsets":[{"start":24957,"text":"Libya"}],"coordinates":[],"confidence":{"state":"pre-added","who":["ml:regex"],"prob":0.5},"fields":{},"normalizations":{}},{"classId":"e_3","part":"s1s3v1","offsets":[{"start":25053,"text":"Nigeria"}],"coordinates":[],"confidence":{"state":"pre-added","who":["ml:regex"],"prob":0.5},"fields":{"f_5":{"value":"Female","confidence":{"state":"pre-added","who":["user:skarabetsos"],"prob":1}},"f_4":{"value":"30","confidence":{"state":"pre-added","who":["user:skarabetsos"],"prob":1}},"f_8":{"value":"Work","confidence":{"state":"pre-added","who":["user:skarabetsos"],"prob":1}}},"normalizations":{}},{"classId":"e_3","part":"s1s3v1","offsets":[{"start":25525,"text":"Libya"}],"coordinates":[],"confidence":{"state":"pre-added","who":["ml:regex"],"prob":0.5},"fields":{},"normalizations":{}},{"classId":"e_3","part":"s1s3v1","offsets":[{"start":32049,"text":"Europe"}],"coordinates":[],"confidence":{"state":"pre-added","who":["ml:regex","user:skarabetsos"],"prob":1},"fields":{},"normalizations":{}},{"classId":"e_3","part":"s1s3v1","offsets":[{"start":32282,"text":"Ekiti"}],"coordinates":[],"confidence":{"state":"pre-added","who":["ml:regex"],"prob":0.5},"fields":{},"normalizations":{}},{"classId":"e_3","part":"s1s3v1","offsets":[{"start":32362,"text":"Agadez"}],"coordinates":[],"confidence":{"state":"pre-added","who":["ml:regex"],"prob":0.5},"fields":{},"normalizations":{}},{"classId":"e_1","part":"s1s3v1","offsets":[{"start":32603,"text":"Naomi Lawrence"}],"coordinates":[],"confidence":{"state":"pre-added","who":["user:skarabetsos"],"prob":1},"fields":{"f_5":{"value":"Female","confidence":{"state":"pre-added","who":["user:skarabetsos"],"prob":1}},"f_4":{"value":"30","confidence":{"state":"pre-added","who":["user:skarabetsos"],"prob":1}},"f_8":{"value":"Work","confidence":{"state":"pre-added","who":["user:skarabetsos"],"prob":1}}},"normalizations":{}},{"classId":"e_1","part":"s1s3v1","offsets":[{"start":32635,"text":"Naomi Lawrence"}],"coordinates":[],"confidence":{"state":"pre-added","who":["ml:regex"],"prob":0.5},"fields":{},"normalizations":{}},{"classId":"e_3","part":"s1s3v1","offsets":[{"start":32655,"text":"Igbokoda"}],"coordinates":[],"confidence":{"state":"pre-added","who":["user:skarabetsos"],"prob":1},"fields":{},"normalizations":{}},{"classId":"e_3","part":"s1s3v1","offsets":[{"start":32700,"text":"Ondo"}],"coordinates":[],"confidence":{"state":"pre-added","who":["ml:regex"],"prob":0.5},"fields":{},"normalizations":{}},{"classId":"e_3","part":"s1s3v1","offsets":[{"start":33087,"text":"Libya"}],"coordinates":[],"confidence":{"state":"pre-added","who":["ml:regex"],"prob":0.5},"fields":{},"normalizations":{}},{"classId":"e_3","part":"s1s3v1","offsets":[{"start":33115,"text":"Libya"}],"coordinates":[],"confidence":{"state":"pre-added","who":["ml:regex"],"prob":0.5},"fields":{},"normalizations":{}}],"relations":[]}