{"annotatable":{"parts":["s1s1v1","s1s2h1","s1s2v1","s1s3h1","s1s3v1","s1s4h1","s1s4v1","s1s5h1","s1s5v1","s1s6h1","s1s6v1"]},"anncomplete":true,"sources":[],"metas":{"m_10":{"value":"op_relevant","confidence":{"state":"pre-added","who":["user:pcale1968"],"prob":1}},"m_12":{"value":true,"confidence":{"state":"pre-added","who":["user:skarabetsos"],"prob":1}}},"entities":[{"classId":"e_3","part":"s1s2v1","offsets":[{"start":41,"text":"madurai"}],"coordinates":[],"confidence":{"state":"pre-added","who":["ml:regex"],"prob":0.5},"fields":{},"normalizations":{}},{"classId":"e_3","part":"s1s3v1","offsets":[{"start":0,"text":"Madurai"}],"coordinates":[],"confidence":{"state":"pre-added","who":["user:skarabetsos"],"prob":1},"fields":{},"normalizations":{}},{"classId":"e_3","part":"s1s3v1","offsets":[{"start":13,"text":"Madras"}],"coordinates":[],"confidence":{"state":"pre-added","who":["user:skarabetsos"],"prob":1},"fields":{},"normalizations":{}},{"classId":"e_3","part":"s1s3v1","offsets":[{"start":154,"text":"Idhayam Trust"}],"coordinates":[],"confidence":{"state":"pre-added","who":["user:skarabetsos"],"prob":1},"fields":{},"normalizations":{}},{"classId":"e_3","part":"s1s3v1","offsets":[{"start":171,"text":"Madurai"}],"coordinates":[],"confidence":{"state":"pre-added","who":["ml:regex","user:jhudlow"],"prob":1},"fields":{},"normalizations":{}},{"classId":"e_2","part":"s1s3v1","offsets":[{"start":247,"text":"G Sivakumar"}],"coordinates":[],"confidence":{"state":"pre-added","who":["user:skarabetsos"],"prob":1},"fields":{"f_7":{"value":true,"confidence":{"state":"pre-added","who":["user:jhudlow"],"prob":1}}},"normalizations":{}},{"classId":"e_3","part":"s1s3v1","offsets":[{"start":272,"text":"Idhayam Trust"}],"coordinates":[],"confidence":{"state":"pre-added","who":["user:jhudlow"],"prob":1},"fields":{},"normalizations":{}},{"classId":"e_3","part":"s1s3v1","offsets":[{"start":516,"text":"Idhayam Trust"}],"coordinates":[],"confidence":{"state":"pre-added","who":["user:jhudlow"],"prob":1},"fields":{},"normalizations":{}},{"classId":"e_2","part":"s1s3v1","offsets":[{"start":569,"text":"Mathersha"}],"coordinates":[],"confidence":{"state":"pre-added","who":["user:skarabetsos"],"prob":1},"fields":{},"normalizations":{}},{"classId":"e_2","part":"s1s3v1","offsets":[{"start":888,"text":"Mathersha"}],"coordinates":[],"confidence":{"state":"pre-added","who":["ml:regex"],"prob":0.5},"fields":{},"normalizations":{}}],"relations":[]}