{"annotatable":{"parts":["s1s1v1","s1s2h1","s1s2v1","s1s3h1","s1s3v1","s1s4h1","s1s4v1","s1s5h1","s1s5v1","s1s6h1","s1s6v1"]},"anncomplete":true,"sources":[],"metas":{"m_10":{"value":"op_relevant","confidence":{"state":"pre-added","who":["user:pcale1968"],"prob":1}},"m_12":{"value":true,"confidence":{"state":"pre-added","who":["user:skarabetsos"],"prob":1}}},"entities":[{"classId":"e_3","part":"s1s3v1","offsets":[{"start":6066,"text":"Ranchi"}],"coordinates":[],"confidence":{"state":"pre-added","who":["user:skarabetsos"],"prob":1},"fields":{},"normalizations":{}},{"classId":"e_3","part":"s1s3v1","offsets":[{"start":6075,"text":"Mother Teresa’s Missionaries of Charity"}],"coordinates":[],"confidence":{"state":"pre-added","who":["user:skarabetsos"],"prob":1},"fields":{},"normalizations":{}},{"classId":"e_3","part":"s1s3v1","offsets":[{"start":6945,"text":"Maharashtra"}],"coordinates":[],"confidence":{"state":"pre-added","who":["user:skarabetsos"],"prob":1},"fields":{},"normalizations":{}}],"relations":[]}