{"annotatable":{"parts":["s1s1v1","s1s2h1","s1s2v1","s1s3h1","s1s3v1","s1s4h1","s1s4v1","s1s5h1","s1s5v1","s1s6h1","s1s6v1"]},"anncomplete":true,"sources":[],"metas":{"m_10":{"value":"op_relevant","confidence":{"state":"pre-added","who":["user:bergeyjesse","user:toriragin"],"prob":1}},"m_12":{"value":true,"confidence":{"state":"pre-added","who":["user:bergeyjesse","user:toriragin"],"prob":1}}},"entities":[{"classId":"e_3","part":"s1s2v1","offsets":[{"start":111,"text":"lakhimpur"}],"coordinates":[],"confidence":{"state":"pre-added","who":["ml:regex"],"prob":0.25},"fields":{},"normalizations":{}},{"classId":"e_3","part":"s1s3v1","offsets":[{"start":19,"text":"LAKHIMPUR"}],"coordinates":[],"confidence":{"state":"pre-added","who":["ml:regex"],"prob":0.25},"fields":{},"normalizations":{}},{"classId":"e_3","part":"s1s3v1","offsets":[{"start":51,"text":"Lakhimpur"}],"coordinates":[],"confidence":{"state":"pre-added","who":["user:toriragin","user:jhudlow"],"prob":1},"fields":{},"normalizations":{}},{"classId":"e_3","part":"s1s3v1","offsets":[{"start":356,"text":"Ganesh Mandir near North Lakhimpur town"}],"coordinates":[],"confidence":{"state":"pre-added","who":["user:bergeyjesse"],"prob":0.5},"fields":{},"normalizations":{}},{"classId":"e_3","part":"s1s3v1","offsets":[{"start":381,"text":"Lakhimpur"}],"coordinates":[],"confidence":{"state":"pre-added","who":["ml:regex"],"prob":0.25},"fields":{},"normalizations":{}},{"classId":"e_3","part":"s1s3v1","offsets":[{"start":1031,"text":"Lakhimpur"}],"coordinates":[],"confidence":{"state":"pre-added","who":["ml:regex"],"prob":0.25},"fields":{},"normalizations":{}},{"classId":"e_3","part":"s1s3v1","offsets":[{"start":1223,"text":"Lakhimpur"}],"coordinates":[],"confidence":{"state":"pre-added","who":["ml:regex"],"prob":0.25},"fields":{},"normalizations":{}},{"classId":"e_3","part":"s1s4v1","offsets":[{"start":46,"text":"lakhimpur"}],"coordinates":[],"confidence":{"state":"pre-added","who":["ml:regex"],"prob":0.25},"fields":{},"normalizations":{}}],"relations":[]}