{"annotatable":{"parts":["s1s1v1","s1s2h1","s1s2v1","s1s3h1","s1s3v1","s1s4h1","s1s4v1","s1s5h1","s1s5v1","s1s6h1","s1s6v1"]},"anncomplete":true,"sources":[],"metas":{"m_10":{"value":"op_relevant","confidence":{"state":"pre-added","who":["user:madbray"],"prob":1}},"m_12":{"value":true,"confidence":{"state":"pre-added","who":["user:madbray","user:jhudlow"],"prob":1}}},"entities":[{"classId":"e_3","part":"s1s2v1","offsets":[{"start":73,"text":"lakadganj"}],"coordinates":[],"confidence":{"state":"pre-added","who":["ml:regex"],"prob":0.5},"fields":{},"normalizations":{}},{"classId":"e_3","part":"s1s3v1","offsets":[{"start":63,"text":"Smile Unisex Salon"}],"coordinates":[],"confidence":{"state":"pre-added","who":["ml:regex"],"prob":0.5},"fields":{},"normalizations":{}},{"classId":"e_3","part":"s1s3v1","offsets":[{"start":85,"text":"Lakadganj"}],"coordinates":[],"confidence":{"state":"pre-added","who":["ml:regex"],"prob":0.5},"fields":{},"normalizations":{}},{"classId":"e_3","part":"s1s3v1","offsets":[{"start":316,"text":"Smile Unisex Salon"}],"coordinates":[],"confidence":{"state":"pre-added","who":["user:madbray"],"prob":1},"fields":{},"normalizations":{}},{"classId":"e_3","part":"s1s3v1","offsets":[{"start":338,"text":"Lakadganj"}],"coordinates":[],"confidence":{"state":"pre-added","who":["user:madbray"],"prob":1},"fields":{},"normalizations":{}},{"classId":"e_2","part":"s1s3v1","offsets":[{"start":489,"text":"Sapna Amit Meshram"}],"coordinates":[],"confidence":{"state":"pre-added","who":["user:madbray"],"prob":1},"fields":{"f_4":{"value":"32","confidence":{"state":"pre-added","who":["user:jhudlow"],"prob":1}},"f_7":{"value":true,"confidence":{"state":"pre-added","who":["user:jhudlow"],"prob":1}},"f_6":{"value":"Bhim Chowk, Jaripatka","confidence":{"state":"pre-added","who":["user:jhudlow"],"prob":1}},"f_5":{"value":"Female","confidence":{"state":"pre-added","who":["user:jhudlow"],"prob":1}}},"normalizations":{}},{"classId":"e_3","part":"s1s3v1","offsets":[{"start":856,"text":"Smile Unisex Salon"}],"coordinates":[],"confidence":{"state":"pre-added","who":["ml:regex"],"prob":0.5},"fields":{},"normalizations":{}},{"classId":"e_3","part":"s1s4v1","offsets":[{"start":21,"text":"smile unisex salon"}],"coordinates":[],"confidence":{"state":"pre-added","who":["ml:regex"],"prob":0.5},"fields":{},"normalizations":{}},{"classId":"e_3","part":"s1s4v1","offsets":[{"start":40,"text":"lakadganj"}],"coordinates":[],"confidence":{"state":"pre-added","who":["ml:regex"],"prob":0.5},"fields":{},"normalizations":{}}],"relations":[]}