{"annotatable":{"parts":["s1s1v1","s1s2h1","s1s2v1","s1s3h1","s1s3v1","s1s4h1","s1s4v1","s1s5h1","s1s5v1","s1s6h1","s1s6v1"]},"anncomplete":true,"sources":[],"metas":{"m_10":{"value":"op_relevant","confidence":{"state":"pre-added","who":["user:jhudlow"],"prob":1}}},"entities":[{"classId":"e_2","part":"s1s3v1","offsets":[{"start":106,"text":"Jason Daigle"}],"coordinates":[],"confidence":{"state":"pre-added","who":["user:jhudlow"],"prob":1},"fields":{"f_6":{"value":"Patin Berard Road","confidence":{"state":"pre-added","who":["user:jhudlow"],"prob":1}},"f_4":{"value":"51","confidence":{"state":"pre-added","who":["user:jhudlow"],"prob":1}},"f_5":{"value":"Male","confidence":{"state":"pre-added","who":["user:jhudlow"],"prob":1}}},"normalizations":{}}],"relations":[]}