{"annotatable":{"parts":["s1s1v1","s1s2h1","s1s2v1","s1s3h1","s1s3v1","s1s4h1","s1s4v1","s1s5h1","s1s5v1","s1s6h1","s1s6v1"]},"anncomplete":true,"sources":[],"metas":{"m_10":{"value":"op_relevant","confidence":{"state":"pre-added","who":["user:pcale1968"],"prob":1}},"m_12":{"value":false,"confidence":{"state":"pre-added","who":["user:skarabetsos"],"prob":1}}},"entities":[{"classId":"e_3","part":"s1s3v1","offsets":[{"start":0,"text":"CHARLESTON, W.Va."}],"coordinates":[],"confidence":{"state":"pre-added","who":["user:skarabetsos"],"prob":1},"fields":{},"normalizations":{}},{"classId":"e_3","part":"s1s3v1","offsets":[{"start":33,"text":"Fayette County"}],"coordinates":[],"confidence":{"state":"pre-added","who":["user:skarabetsos"],"prob":1},"fields":{},"normalizations":{}},{"classId":"e_2","part":"s1s3v1","offsets":[{"start":138,"text":"Kristen Naylor-Legg"}],"coordinates":[],"confidence":{"state":"pre-added","who":["user:skarabetsos"],"prob":1},"fields":{"f_4":{"value":"28","confidence":{"state":"pre-added","who":["user:skarabetsos"],"prob":1}},"f_7":{"value":true,"confidence":{"state":"pre-added","who":["user:skarabetsos"],"prob":1}},"f_5":{"value":"Female","confidence":{"state":"pre-added","who":["user:skarabetsos"],"prob":1}}},"normalizations":{}},{"classId":"e_2","part":"s1s3v1","offsets":[{"start":414,"text":"Larry Allen Clay, Jr."}],"coordinates":[],"confidence":{"state":"pre-added","who":["user:skarabetsos"],"prob":1},"fields":{"f_7":{"value":true,"confidence":{"state":"pre-added","who":["user:skarabetsos"],"prob":1}},"f_5":{"value":"Male","confidence":{"state":"pre-added","who":["user:skarabetsos"],"prob":1}}},"normalizations":{}},{"classId":"e_3","part":"s1s3v1","offsets":[{"start":615,"text":"Fayette County"}],"coordinates":[],"confidence":{"state":"pre-added","who":["ml:regex"],"prob":0.5},"fields":{},"normalizations":{}},{"classId":"e_3","part":"s1s3v1","offsets":[{"start":1305,"text":"Fayette County"}],"coordinates":[],"confidence":{"state":"pre-added","who":["ml:regex"],"prob":0.5},"fields":{},"normalizations":{}},{"classId":"e_2","part":"s1s3v1","offsets":[{"start":1515,"text":"Larry Allen Clay, Jr."}],"coordinates":[],"confidence":{"state":"pre-added","who":["ml:regex"],"prob":0.5},"fields":{},"normalizations":{}},{"classId":"e_3","part":"s1s4v1","offsets":[{"start":0,"text":"fayette county"}],"coordinates":[],"confidence":{"state":"pre-added","who":["ml:regex"],"prob":0.5},"fields":{},"normalizations":{}}],"relations":[]}