{"annotatable":{"parts":["s1s1v1","s1s2h1","s1s2v1","s1s3h1","s1s3v1","s1s4h1","s1s4v1","s1s5h1","s1s5v1","s1s6h1","s1s6v1"]},"anncomplete":true,"sources":[],"metas":{"m_10":{"value":"op_relevant","confidence":{"state":"pre-added","who":["user:snelsons"],"prob":1}},"m_12":{"value":false,"confidence":{"state":"pre-added","who":["user:snelsons"],"prob":1}}},"entities":[{"classId":"e_2","part":"s1s3v1","offsets":[{"start":99,"text":"Putnam"}],"coordinates":[],"confidence":{"state":"pre-added","who":["ml:regex"],"prob":0.5},"fields":{},"normalizations":{}},{"classId":"e_2","part":"s1s3v1","offsets":[{"start":290,"text":"Richard Walls"}],"coordinates":[],"confidence":{"state":"pre-added","who":["user:snelsons"],"prob":1},"fields":{},"normalizations":{}},{"classId":"e_2","part":"s1s3v1","offsets":[{"start":703,"text":"Kasey Miller"}],"coordinates":[],"confidence":{"state":"pre-added","who":["user:snelsons"],"prob":1},"fields":{},"normalizations":{}},{"classId":"e_2","part":"s1s3v1","offsets":[{"start":1087,"text":"Putnam"}],"coordinates":[],"confidence":{"state":"pre-added","who":["user:snelsons"],"prob":1},"fields":{},"normalizations":{}}],"relations":[]}