{"annotatable":{"parts":["s1s1v1","s1s2h1","s1s2v1","s1s3h1","s1s3v1","s1s4h1","s1s4v1","s1s5h1","s1s5v1","s1s6h1","s1s6v1"]},"anncomplete":true,"sources":[],"metas":{"m_10":{"value":"op_relevant","confidence":{"state":"pre-added","who":["user:bergeyjesse"],"prob":1}}},"entities":[{"classId":"e_3","part":"s1s3v1","offsets":[{"start":350,"text":"Idukki"}],"coordinates":[],"confidence":{"state":"pre-added","who":["user:bergeyjesse"],"prob":1},"fields":{},"normalizations":{}},{"classId":"e_3","part":"s1s3v1","offsets":[{"start":389,"text":"Thrissur"}],"coordinates":[],"confidence":{"state":"pre-added","who":["user:bergeyjesse"],"prob":1},"fields":{},"normalizations":{}},{"classId":"e_3","part":"s1s3v1","offsets":[{"start":407,"text":"Kasaragod"}],"coordinates":[],"confidence":{"state":"pre-added","who":["user:bergeyjesse"],"prob":1},"fields":{},"normalizations":{}},{"classId":"e_3","part":"s1s3v1","offsets":[{"start":429,"text":"Kollam"}],"coordinates":[],"confidence":{"state":"pre-added","who":["user:bergeyjesse"],"prob":1},"fields":{},"normalizations":{}},{"classId":"e_3","part":"s1s3v1","offsets":[{"start":452,"text":"Ernakulam"}],"coordinates":[],"confidence":{"state":"pre-added","who":["user:bergeyjesse"],"prob":1},"fields":{},"normalizations":{}},{"classId":"e_3","part":"s1s3v1","offsets":[{"start":1220,"text":"Idukki"}],"coordinates":[],"confidence":{"state":"pre-added","who":["ml:regex"],"prob":0.5},"fields":{},"normalizations":{}},{"classId":"e_3","part":"s1s3v1","offsets":[{"start":1334,"text":"Tamil Nadu"}],"coordinates":[],"confidence":{"state":"pre-added","who":["user:bergeyjesse"],"prob":1},"fields":{},"normalizations":{}},{"classId":"e_3","part":"s1s3v1","offsets":[{"start":1453,"text":"Tamil Nadu"}],"coordinates":[],"confidence":{"state":"pre-added","who":["ml:regex"],"prob":0.5},"fields":{},"normalizations":{}},{"classId":"e_3","part":"s1s3v1","offsets":[{"start":1573,"text":"Tamil Nadu"}],"coordinates":[],"confidence":{"state":"pre-added","who":["ml:regex"],"prob":0.5},"fields":{},"normalizations":{}},{"classId":"e_3","part":"s1s3v1","offsets":[{"start":1750,"text":"Idukki"}],"coordinates":[],"confidence":{"state":"pre-added","who":["ml:regex"],"prob":0.5},"fields":{},"normalizations":{}},{"classId":"e_3","part":"s1s3v1","offsets":[{"start":1781,"text":"Thrissur"}],"coordinates":[],"confidence":{"state":"pre-added","who":["ml:regex"],"prob":0.5},"fields":{},"normalizations":{}},{"classId":"e_3","part":"s1s3v1","offsets":[{"start":2256,"text":"Malappuram"}],"coordinates":[],"confidence":{"state":"pre-added","who":["user:bergeyjesse"],"prob":1},"fields":{},"normalizations":{}},{"classId":"e_3","part":"s1s3v1","offsets":[{"start":2912,"text":"Idukki"}],"coordinates":[],"confidence":{"state":"pre-added","who":["ml:regex"],"prob":0.5},"fields":{},"normalizations":{}},{"classId":"e_3","part":"s1s3v1","offsets":[{"start":2925,"text":"Thrissur"}],"coordinates":[],"confidence":{"state":"pre-added","who":["ml:regex"],"prob":0.5},"fields":{},"normalizations":{}},{"classId":"e_3","part":"s1s3v1","offsets":[{"start":2940,"text":"Kasaragod"}],"coordinates":[],"confidence":{"state":"pre-added","who":["ml:regex"],"prob":0.5},"fields":{},"normalizations":{}},{"classId":"e_3","part":"s1s3v1","offsets":[{"start":2956,"text":"Kollam"}],"coordinates":[],"confidence":{"state":"pre-added","who":["ml:regex"],"prob":0.5},"fields":{},"normalizations":{}},{"classId":"e_3","part":"s1s3v1","offsets":[{"start":2969,"text":"Ernakulam"}],"coordinates":[],"confidence":{"state":"pre-added","who":["ml:regex"],"prob":0.5},"fields":{},"normalizations":{}},{"classId":"e_3","part":"s1s3v1","offsets":[{"start":3039,"text":"Malappuram"}],"coordinates":[],"confidence":{"state":"pre-added","who":["ml:regex"],"prob":0.5},"fields":{},"normalizations":{}}],"relations":[]}