{"annotatable":{"parts":["s1s1v1","s1s2h1","s1s2v1","s1s3h1","s1s3v1","s1s4h1","s1s4v1","s1s5h1","s1s5v1","s1s6h1","s1s6v1"]},"anncomplete":true,"sources":[],"metas":{"m_10":{"value":"op_relevant","confidence":{"state":"pre-added","who":["user:bergeyjesse"],"prob":1}}},"entities":[{"classId":"e_3","part":"s1s2v1","offsets":[{"start":42,"text":"botswana"}],"coordinates":[],"confidence":{"state":"pre-added","who":["ml:regex"],"prob":0.5},"fields":{},"normalizations":{}},{"classId":"e_3","part":"s1s3v1","offsets":[{"start":46,"text":"Botswana"}],"coordinates":[],"confidence":{"state":"pre-added","who":["user:bergeyjesse"],"prob":1},"fields":{},"normalizations":{}},{"classId":"e_3","part":"s1s3v1","offsets":[{"start":147,"text":"Botswana"}],"coordinates":[],"confidence":{"state":"pre-added","who":["ml:regex"],"prob":0.5},"fields":{},"normalizations":{}},{"classId":"e_3","part":"s1s3v1","offsets":[{"start":263,"text":"South Africa"}],"coordinates":[],"confidence":{"state":"pre-added","who":["user:bergeyjesse"],"prob":1},"fields":{},"normalizations":{}},{"classId":"e_3","part":"s1s3v1","offsets":[{"start":280,"text":"Zimbabwe"}],"coordinates":[],"confidence":{"state":"pre-added","who":["user:bergeyjesse"],"prob":1},"fields":{},"normalizations":{}},{"classId":"e_2","part":"s1s3v1","offsets":[{"start":354,"text":"Eric Mpofu"}],"coordinates":[],"confidence":{"state":"pre-added","who":["user:bergeyjesse"],"prob":1},"fields":{"f_4":{"value":"29","confidence":{"state":"pre-added","who":["user:bergeyjesse"],"prob":1}},"f_7":{"value":true,"confidence":{"state":"pre-added","who":["user:bergeyjesse"],"prob":1}},"f_5":{"value":"Male","confidence":{"state":"pre-added","who":["user:bergeyjesse"],"prob":1}}},"normalizations":{}},{"classId":"e_3","part":"s1s3v1","offsets":[{"start":386,"text":"Botswana"}],"coordinates":[],"confidence":{"state":"pre-added","who":["ml:regex"],"prob":0.5},"fields":{},"normalizations":{}},{"classId":"e_3","part":"s1s3v1","offsets":[{"start":496,"text":"South Africa"}],"coordinates":[],"confidence":{"state":"pre-added","who":["ml:regex"],"prob":0.5},"fields":{},"normalizations":{}},{"classId":"e_3","part":"s1s4v1","offsets":[{"start":0,"text":"Botswana"}],"coordinates":[],"confidence":{"state":"pre-added","who":["ml:regex"],"prob":0.5},"fields":{},"normalizations":{}}],"relations":[]}