{"annotatable":{"parts":["s1s1v1","s1s2h1","s1s2v1","s1s3h1","s1s3v1","s1s4h1","s1s4v1","s1s5h1","s1s5v1","s1s6h1","s1s6v1"]},"anncomplete":true,"sources":[],"metas":{"m_10":{"value":"op_relevant","confidence":{"state":"pre-added","who":["user:bergeyjesse"],"prob":1}}},"entities":[{"classId":"e_3","part":"s1s2v1","offsets":[{"start":85,"text":"lebanon"}],"coordinates":[],"confidence":{"state":"pre-added","who":["ml:regex"],"prob":0.5},"fields":{},"normalizations":{}},{"classId":"e_3","part":"s1s3v1","offsets":[{"start":0,"text":"Beirut"}],"coordinates":[],"confidence":{"state":"pre-added","who":["user:bergeyjesse"],"prob":1},"fields":{},"normalizations":{}},{"classId":"e_3","part":"s1s3v1","offsets":[{"start":8,"text":"Lebanon"}],"coordinates":[],"confidence":{"state":"pre-added","who":["ml:regex"],"prob":0.5},"fields":{},"normalizations":{}},{"classId":"e_1","part":"s1s3v1","offsets":[{"start":18,"text":"Sarah"}],"coordinates":[],"confidence":{"state":"pre-added","who":["user:bergeyjesse"],"prob":1},"fields":{"f_4":{"value":"40","confidence":{"state":"pre-added","who":["user:bergeyjesse"],"prob":1}},"f_8":{"value":"Labor","confidence":{"state":"pre-added","who":["user:bergeyjesse"],"prob":1}}},"normalizations":{}},{"classId":"e_1","part":"s1s3v1","offsets":[{"start":28,"text":"Joanna"}],"coordinates":[],"confidence":{"state":"pre-added","who":["user:bergeyjesse"],"prob":1},"fields":{"f_8":{"value":"Labor","confidence":{"state":"pre-added","who":["user:bergeyjesse"],"prob":1}}},"normalizations":{}},{"classId":"e_1","part":"s1s3v1","offsets":[{"start":140,"text":"Sarah"}],"coordinates":[],"confidence":{"state":"pre-added","who":["ml:regex"],"prob":0.5},"fields":{"f_4":{"value":"40","confidence":{"state":"pre-added","who":["user:bergeyjesse"],"prob":1}},"f_8":{"value":"Labor","confidence":{"state":"pre-added","who":["user:bergeyjesse"],"prob":1}}},"normalizations":{}},{"classId":"e_3","part":"s1s3v1","offsets":[{"start":187,"text":"the Kenyan consulate in Beirut"}],"coordinates":[],"confidence":{"state":"pre-added","who":["user:bergeyjesse"],"prob":1},"fields":{},"normalizations":{}},{"classId":"e_3","part":"s1s3v1","offsets":[{"start":544,"text":"consulate"}],"coordinates":[],"confidence":{"state":"pre-added","who":["ml:regex"],"prob":0.5},"fields":{},"normalizations":{}},{"classId":"e_1","part":"s1s3v1","offsets":[{"start":719,"text":"Sarah"}],"coordinates":[],"confidence":{"state":"pre-added","who":["ml:regex"],"prob":0.5},"fields":{"f_4":{"value":"40","confidence":{"state":"pre-added","who":["user:bergeyjesse"],"prob":1}},"f_8":{"value":"Labor","confidence":{"state":"pre-added","who":["user:bergeyjesse"],"prob":1}}},"normalizations":{}},{"classId":"e_3","part":"s1s3v1","offsets":[{"start":805,"text":"Lebanon"}],"coordinates":[],"confidence":{"state":"pre-added","who":["user:bergeyjesse"],"prob":1},"fields":{},"normalizations":{}},{"classId":"e_3","part":"s1s3v1","offsets":[{"start":1063,"text":"Lebanon"}],"coordinates":[],"confidence":{"state":"pre-added","who":["ml:regex"],"prob":0.5},"fields":{},"normalizations":{}},{"classId":"e_3","part":"s1s3v1","offsets":[{"start":1220,"text":"Lebanon"}],"coordinates":[],"confidence":{"state":"pre-added","who":["ml:regex"],"prob":0.5},"fields":{},"normalizations":{}},{"classId":"e_3","part":"s1s3v1","offsets":[{"start":1392,"text":"Ethiopia"}],"coordinates":[],"confidence":{"state":"pre-added","who":["user:bergeyjesse"],"prob":1},"fields":{},"normalizations":{}},{"classId":"e_3","part":"s1s3v1","offsets":[{"start":1402,"text":"the Philippines"}],"coordinates":[],"confidence":{"state":"pre-added","who":["user:bergeyjesse"],"prob":1},"fields":{},"normalizations":{}},{"classId":"e_3","part":"s1s3v1","offsets":[{"start":1422,"text":"Sudan"}],"coordinates":[],"confidence":{"state":"pre-added","who":["user:bergeyjesse"],"prob":1},"fields":{},"normalizations":{}},{"classId":"e_3","part":"s1s3v1","offsets":[{"start":1875,"text":"Lebanon"}],"coordinates":[],"confidence":{"state":"pre-added","who":["ml:regex"],"prob":0.5},"fields":{},"normalizations":{}},{"classId":"e_3","part":"s1s3v1","offsets":[{"start":2003,"text":"Lebanon"}],"coordinates":[],"confidence":{"state":"pre-added","who":["ml:regex"],"prob":0.5},"fields":{},"normalizations":{}},{"classId":"e_1","part":"s1s3v1","offsets":[{"start":2115,"text":"Sarah"}],"coordinates":[],"confidence":{"state":"pre-added","who":["ml:regex","user:bergeyjesse"],"prob":1},"fields":{"f_4":{"value":"40","confidence":{"state":"pre-added","who":["user:bergeyjesse"],"prob":1}}},"normalizations":{}},{"classId":"e_3","part":"s1s3v1","offsets":[{"start":2212,"text":"Lebanon"}],"coordinates":[],"confidence":{"state":"pre-added","who":["ml:regex"],"prob":0.5},"fields":{},"normalizations":{}},{"classId":"e_1","part":"s1s3v1","offsets":[{"start":2695,"text":"Sarah"}],"coordinates":[],"confidence":{"state":"pre-added","who":["ml:regex"],"prob":0.5},"fields":{"f_4":{"value":"40","confidence":{"state":"pre-added","who":["user:bergeyjesse"],"prob":1}},"f_8":{"value":"Labor","confidence":{"state":"pre-added","who":["user:bergeyjesse"],"prob":1}}},"normalizations":{}},{"classId":"e_1","part":"s1s3v1","offsets":[{"start":2947,"text":"Sarah"}],"coordinates":[],"confidence":{"state":"pre-added","who":["ml:regex"],"prob":0.5},"fields":{"f_4":{"value":"40","confidence":{"state":"pre-added","who":["user:bergeyjesse"],"prob":1}},"f_8":{"value":"Labor","confidence":{"state":"pre-added","who":["user:bergeyjesse"],"prob":1}}},"normalizations":{}},{"classId":"e_3","part":"s1s3v1","offsets":[{"start":3349,"text":"Lebanon"}],"coordinates":[],"confidence":{"state":"pre-added","who":["ml:regex"],"prob":0.5},"fields":{},"normalizations":{}},{"classId":"e_3","part":"s1s3v1","offsets":[{"start":3495,"text":"Lebanon"}],"coordinates":[],"confidence":{"state":"pre-added","who":["ml:regex"],"prob":0.5},"fields":{},"normalizations":{}},{"classId":"e_3","part":"s1s3v1","offsets":[{"start":3662,"text":"Lebanon"}],"coordinates":[],"confidence":{"state":"pre-added","who":["ml:regex"],"prob":0.5},"fields":{},"normalizations":{}},{"classId":"e_3","part":"s1s3v1","offsets":[{"start":3910,"text":"Lebanon"}],"coordinates":[],"confidence":{"state":"pre-added","who":["ml:regex"],"prob":0.5},"fields":{},"normalizations":{}},{"classId":"e_1","part":"s1s3v1","offsets":[{"start":4465,"text":"Sarah"}],"coordinates":[],"confidence":{"state":"pre-added","who":["ml:regex"],"prob":0.5},"fields":{"f_4":{"value":"40","confidence":{"state":"pre-added","who":["user:bergeyjesse"],"prob":1}},"f_8":{"value":"Labor","confidence":{"state":"pre-added","who":["user:bergeyjesse"],"prob":1}}},"normalizations":{}},{"classId":"e_3","part":"s1s3v1","offsets":[{"start":4558,"text":"Beirut"}],"coordinates":[],"confidence":{"state":"pre-added","who":["ml:regex"],"prob":0.5},"fields":{},"normalizations":{}},{"classId":"e_3","part":"s1s3v1","offsets":[{"start":4609,"text":"Caritas"}],"coordinates":[],"confidence":{"state":"pre-added","who":["user:bergeyjesse"],"prob":1},"fields":{},"normalizations":{}},{"classId":"e_3","part":"s1s3v1","offsets":[{"start":4706,"text":"Caritas"}],"coordinates":[],"confidence":{"state":"pre-added","who":["ml:regex"],"prob":0.5},"fields":{},"normalizations":{}},{"classId":"e_1","part":"s1s3v1","offsets":[{"start":4802,"text":"Sarah"}],"coordinates":[],"confidence":{"state":"pre-added","who":["ml:regex"],"prob":0.5},"fields":{"f_4":{"value":"40","confidence":{"state":"pre-added","who":["user:bergeyjesse"],"prob":1}},"f_8":{"value":"Labor","confidence":{"state":"pre-added","who":["user:bergeyjesse"],"prob":1}}},"normalizations":{}},{"classId":"e_3","part":"s1s3v1","offsets":[{"start":4871,"text":"Kenyan consulate"}],"coordinates":[],"confidence":{"state":"pre-added","who":["user:bergeyjesse"],"prob":1},"fields":{},"normalizations":{}},{"classId":"e_3","part":"s1s3v1","offsets":[{"start":5254,"text":"Caritas"}],"coordinates":[],"confidence":{"state":"pre-added","who":["ml:regex"],"prob":0.5},"fields":{},"normalizations":{}},{"classId":"e_3","part":"s1s3v1","offsets":[{"start":5476,"text":"Kenyan consulate"}],"coordinates":[],"confidence":{"state":"pre-added","who":["ml:regex"],"prob":0.5},"fields":{},"normalizations":{}},{"classId":"e_3","part":"s1s3v1","offsets":[{"start":5757,"text":"Caritas"}],"coordinates":[],"confidence":{"state":"pre-added","who":["ml:regex"],"prob":0.5},"fields":{},"normalizations":{}},{"classId":"e_3","part":"s1s3v1","offsets":[{"start":5804,"text":"Caritas"}],"coordinates":[],"confidence":{"state":"pre-added","who":["ml:regex"],"prob":0.5},"fields":{},"normalizations":{}},{"classId":"e_3","part":"s1s3v1","offsets":[{"start":5986,"text":"Caritas"}],"coordinates":[],"confidence":{"state":"pre-added","who":["ml:regex"],"prob":0.5},"fields":{},"normalizations":{}},{"classId":"e_3","part":"s1s3v1","offsets":[{"start":6190,"text":"Caritas"}],"coordinates":[],"confidence":{"state":"pre-added","who":["ml:regex"],"prob":0.5},"fields":{},"normalizations":{}},{"classId":"e_3","part":"s1s3v1","offsets":[{"start":6687,"text":"Caritas"}],"coordinates":[],"confidence":{"state":"pre-added","who":["ml:regex"],"prob":0.5},"fields":{},"normalizations":{}},{"classId":"e_3","part":"s1s3v1","offsets":[{"start":7005,"text":"Kenyan consulate"}],"coordinates":[],"confidence":{"state":"pre-added","who":["ml:regex"],"prob":0.5},"fields":{},"normalizations":{}},{"classId":"e_3","part":"s1s3v1","offsets":[{"start":7233,"text":"the Kenyan consulate in Beirut"}],"coordinates":[],"confidence":{"state":"pre-added","who":["ml:regex"],"prob":0.5},"fields":{},"normalizations":{}},{"classId":"e_3","part":"s1s3v1","offsets":[{"start":7370,"text":"Caritas"}],"coordinates":[],"confidence":{"state":"pre-added","who":["ml:regex"],"prob":0.5},"fields":{},"normalizations":{}},{"classId":"e_3","part":"s1s3v1","offsets":[{"start":7444,"text":"Caritas"}],"coordinates":[],"confidence":{"state":"pre-added","who":["ml:regex"],"prob":0.5},"fields":{},"normalizations":{}},{"classId":"e_3","part":"s1s3v1","offsets":[{"start":7530,"text":"Caritas"}],"coordinates":[],"confidence":{"state":"pre-added","who":["ml:regex"],"prob":0.5},"fields":{},"normalizations":{}},{"classId":"e_3","part":"s1s3v1","offsets":[{"start":7622,"text":"Caritas"}],"coordinates":[],"confidence":{"state":"pre-added","who":["ml:regex"],"prob":0.5},"fields":{},"normalizations":{}},{"classId":"e_3","part":"s1s3v1","offsets":[{"start":7888,"text":"Lebanon"}],"coordinates":[],"confidence":{"state":"pre-added","who":["ml:regex"],"prob":0.5},"fields":{},"normalizations":{}},{"classId":"e_3","part":"s1s3v1","offsets":[{"start":7993,"text":"consulate"}],"coordinates":[],"confidence":{"state":"pre-added","who":["ml:regex"],"prob":0.5},"fields":{},"normalizations":{}},{"classId":"e_3","part":"s1s3v1","offsets":[{"start":8155,"text":"consulate"}],"coordinates":[],"confidence":{"state":"pre-added","who":["ml:regex"],"prob":0.5},"fields":{},"normalizations":{}},{"classId":"e_3","part":"s1s3v1","offsets":[{"start":8905,"text":"Kenyan consulate"}],"coordinates":[],"confidence":{"state":"pre-added","who":["ml:regex"],"prob":0.5},"fields":{},"normalizations":{}},{"classId":"e_3","part":"s1s3v1","offsets":[{"start":9055,"text":"Ethiopia"}],"coordinates":[],"confidence":{"state":"pre-added","who":["ml:regex"],"prob":0.5},"fields":{},"normalizations":{}},{"classId":"e_3","part":"s1s3v1","offsets":[{"start":9069,"text":"Philippines"}],"coordinates":[],"confidence":{"state":"pre-added","who":["ml:regex"],"prob":0.5},"fields":{},"normalizations":{}},{"classId":"e_3","part":"s1s3v1","offsets":[{"start":9085,"text":"Sudan"}],"coordinates":[],"confidence":{"state":"pre-added","who":["ml:regex"],"prob":0.5},"fields":{},"normalizations":{}},{"classId":"e_3","part":"s1s3v1","offsets":[{"start":9229,"text":"consulate"}],"coordinates":[],"confidence":{"state":"pre-added","who":["user:bergeyjesse"],"prob":1},"fields":{},"normalizations":{}},{"classId":"e_1","part":"s1s3v1","offsets":[{"start":9739,"text":"Sarah"}],"coordinates":[],"confidence":{"state":"pre-added","who":["ml:regex"],"prob":0.5},"fields":{"f_4":{"value":"40","confidence":{"state":"pre-added","who":["user:bergeyjesse"],"prob":1}},"f_8":{"value":"Labor","confidence":{"state":"pre-added","who":["user:bergeyjesse"],"prob":1}}},"normalizations":{}},{"classId":"e_3","part":"s1s3v1","offsets":[{"start":10041,"text":"consulate"}],"coordinates":[],"confidence":{"state":"pre-added","who":["ml:regex"],"prob":0.5},"fields":{},"normalizations":{}},{"classId":"e_3","part":"s1s4v1","offsets":[{"start":43,"text":"Lebanon"}],"coordinates":[],"confidence":{"state":"pre-added","who":["ml:regex"],"prob":0.5},"fields":{},"normalizations":{}}],"relations":[]}