{"annotatable":{"parts":["s1s1v1","s1s2h1","s1s2v1","s1s3h1","s1s3v1","s1s4h1","s1s4v1","s1s5h1","s1s5v1","s1s6h1","s1s6v1"]},"anncomplete":true,"sources":[],"metas":{"m_12":{"value":true,"confidence":{"state":"pre-added","who":["user:bergeyjesse"],"prob":1}},"m_10":{"value":"op_relevant","confidence":{"state":"pre-added","who":["user:bergeyjesse"],"prob":1}}},"entities":[{"classId":"e_3","part":"s1s2v1","offsets":[{"start":93,"text":"gorakhpur"}],"coordinates":[],"confidence":{"state":"pre-added","who":["ml:regex"],"prob":0.5},"fields":{},"normalizations":{}},{"classId":"e_3","part":"s1s3v1","offsets":[{"start":129,"text":"Gorakhpur"}],"coordinates":[],"confidence":{"state":"pre-added","who":["ml:regex"],"prob":0.5},"fields":{},"normalizations":{}},{"classId":"e_3","part":"s1s3v1","offsets":[{"start":157,"text":"Kolkata"}],"coordinates":[],"confidence":{"state":"pre-added","who":["ml:regex"],"prob":0.5},"fields":{},"normalizations":{}},{"classId":"e_3","part":"s1s3v1","offsets":[{"start":1154,"text":"Gorakhpur"}],"coordinates":[],"confidence":{"state":"pre-added","who":["user:bergeyjesse"],"prob":1},"fields":{},"normalizations":{}},{"classId":"e_3","part":"s1s3v1","offsets":[{"start":1186,"text":"Kolkata"}],"coordinates":[],"confidence":{"state":"pre-added","who":["user:bergeyjesse"],"prob":1},"fields":{},"normalizations":{}},{"classId":"e_3","part":"s1s3v1","offsets":[{"start":3337,"text":"Kolkata"}],"coordinates":[],"confidence":{"state":"pre-added","who":["ml:regex"],"prob":0.5},"fields":{},"normalizations":{}},{"classId":"e_3","part":"s1s3v1","offsets":[{"start":3717,"text":"Gorakhpur"}],"coordinates":[],"confidence":{"state":"pre-added","who":["ml:regex"],"prob":0.5},"fields":{},"normalizations":{}},{"classId":"e_1","part":"s1s3v1","offsets":[{"start":4656,"text":"Neelam Kanojia"}],"coordinates":[],"confidence":{"state":"pre-added","who":["user:bergeyjesse"],"prob":1},"fields":{"f_4":{"value":"13","confidence":{"state":"pre-added","who":["user:bergeyjesse"],"prob":1}},"f_8":{"value":"Marriage/Sexual","confidence":{"state":"pre-added","who":["user:bergeyjesse"],"prob":1}},"f_5":{"value":"Female","confidence":{"state":"pre-added","who":["user:bergeyjesse"],"prob":1}},"f_9":{"value":"Kidnapping","confidence":{"state":"pre-added","who":["user:bergeyjesse"],"prob":1}}},"normalizations":{}},{"classId":"e_3","part":"s1s4v1","offsets":[{"start":19,"text":"gorakhpur"}],"coordinates":[],"confidence":{"state":"pre-added","who":["ml:regex"],"prob":0.5},"fields":{},"normalizations":{}}],"relations":[]}