{"annotatable":{"parts":["s1s1v1","s1s2h1","s1s2v1","s1s3h1","s1s3v1","s1s4h1","s1s4v1","s1s5h1","s1s5v1","s1s6h1","s1s6v1"]},"anncomplete":true,"sources":[],"metas":{},"entities":[{"classId":"e_2","part":"s1s3v1","offsets":[{"start":683,"text":"Sohagh"}],"coordinates":[],"confidence":{"state":"pre-added","who":["user:bergeyjesse"],"prob":1},"fields":{"f_5":{"value":"Male","confidence":{"state":"pre-added","who":["user:bergeyjesse"],"prob":1}}},"normalizations":{}},{"classId":"e_2","part":"s1s3v1","offsets":[{"start":703,"text":"Sohagh"}],"coordinates":[],"confidence":{"state":"pre-added","who":["ml:regex"],"prob":0.5},"fields":{"f_5":{"value":"Male","confidence":{"state":"pre-added","who":["user:bergeyjesse"],"prob":1}},"f_7":{"value":true,"confidence":{"state":"pre-added","who":["user:bergeyjesse"],"prob":1}}},"normalizations":{}},{"classId":"e_2","part":"s1s3v1","offsets":[{"start":725,"text":"Iqbal Hossain Kalu"}],"coordinates":[],"confidence":{"state":"pre-added","who":["user:bergeyjesse"],"prob":1},"fields":{"f_5":{"value":"Male","confidence":{"state":"pre-added","who":["user:bergeyjesse"],"prob":1}},"f_6":{"value":"Baunia Bandh","confidence":{"state":"pre-added","who":["user:bergeyjesse"],"prob":1}},"f_7":{"value":true,"confidence":{"state":"pre-added","who":["user:bergeyjesse"],"prob":1}}},"normalizations":{}},{"classId":"e_2","part":"s1s3v1","offsets":[{"start":895,"text":"Kalu's"}],"coordinates":[],"confidence":{"state":"pre-added","who":["user:bergeyjesse"],"prob":1},"fields":{"f_6":{"value":"Baunia Bandh","confidence":{"state":"pre-added","who":["user:bergeyjesse"],"prob":1}},"f_7":{"value":true,"confidence":{"state":"pre-added","who":["user:bergeyjesse"],"prob":1}},"f_5":{"value":"Male","confidence":{"state":"pre-added","who":["user:bergeyjesse"],"prob":1}}},"normalizations":{}},{"classId":"e_2","part":"s1s3v1","offsets":[{"start":913,"text":"Sohagh"}],"coordinates":[],"confidence":{"state":"pre-added","who":["ml:regex"],"prob":0.5},"fields":{"f_5":{"value":"Male","confidence":{"state":"pre-added","who":["user:bergeyjesse"],"prob":1}},"f_7":{"value":true,"confidence":{"state":"pre-added","who":["user:bergeyjesse"],"prob":1}}},"normalizations":{}},{"classId":"e_2","part":"s1s3v1","offsets":[{"start":930,"text":"Bithy"}],"coordinates":[],"confidence":{"state":"pre-added","who":["user:bergeyjesse"],"prob":1},"fields":{"f_5":{"value":"Female","confidence":{"state":"pre-added","who":["user:bergeyjesse"],"prob":1}},"f_7":{"value":false,"confidence":{"state":"pre-added","who":["user:bergeyjesse"],"prob":1}}},"normalizations":{}},{"classId":"e_2","part":"s1s3v1","offsets":[{"start":943,"text":"Nagin Bithi"}],"coordinates":[],"confidence":{"state":"pre-added","who":["user:bergeyjesse"],"prob":1},"fields":{"f_7":{"value":false,"confidence":{"state":"pre-added","who":["user:bergeyjesse"],"prob":1}},"f_5":{"value":"Female","confidence":{"state":"pre-added","who":["user:bergeyjesse"],"prob":1}}},"normalizations":{}},{"classId":"e_2","part":"s1s3v1","offsets":[{"start":961,"text":"Kalu's"}],"coordinates":[],"confidence":{"state":"pre-added","who":["ml:regex"],"prob":0.5},"fields":{"f_6":{"value":"Baunia Bandh","confidence":{"state":"pre-added","who":["user:bergeyjesse"],"prob":1}},"f_7":{"value":true,"confidence":{"state":"pre-added","who":["user:bergeyjesse"],"prob":1}},"f_5":{"value":"Male","confidence":{"state":"pre-added","who":["user:bergeyjesse"],"prob":1}}},"normalizations":{}},{"classId":"e_2","part":"s1s3v1","offsets":[{"start":999,"text":"Kalu"}],"coordinates":[],"confidence":{"state":"pre-added","who":["ml:regex","user:bergeyjesse"],"prob":1},"fields":{"f_6":{"value":"Baunia Bandh","confidence":{"state":"pre-added","who":["user:bergeyjesse"],"prob":1}},"f_7":{"value":true,"confidence":{"state":"pre-added","who":["user:bergeyjesse"],"prob":1}},"f_5":{"value":"Male","confidence":{"state":"pre-added","who":["user:bergeyjesse"],"prob":1}}},"normalizations":{}},{"classId":"e_2","part":"s1s3v1","offsets":[{"start":1019,"text":"Sohagh"}],"coordinates":[],"confidence":{"state":"pre-added","who":["ml:regex"],"prob":0.5},"fields":{"f_5":{"value":"Male","confidence":{"state":"pre-added","who":["user:bergeyjesse"],"prob":1}},"f_7":{"value":true,"confidence":{"state":"pre-added","who":["user:bergeyjesse"],"prob":1}}},"normalizations":{}},{"classId":"e_2","part":"s1s3v1","offsets":[{"start":1138,"text":"Kalu"}],"coordinates":[],"confidence":{"state":"pre-added","who":["ml:regex","user:bergeyjesse"],"prob":1},"fields":{"f_6":{"value":"Baunia Bandh","confidence":{"state":"pre-added","who":["user:bergeyjesse"],"prob":1}},"f_7":{"value":true,"confidence":{"state":"pre-added","who":["user:bergeyjesse"],"prob":1}},"f_5":{"value":"Male","confidence":{"state":"pre-added","who":["user:bergeyjesse"],"prob":1}}},"normalizations":{}},{"classId":"e_2","part":"s1s3v1","offsets":[{"start":1147,"text":"Sohagh"}],"coordinates":[],"confidence":{"state":"pre-added","who":["ml:regex"],"prob":0.5},"fields":{"f_5":{"value":"Male","confidence":{"state":"pre-added","who":["user:bergeyjesse"],"prob":1}},"f_7":{"value":true,"confidence":{"state":"pre-added","who":["user:bergeyjesse"],"prob":1}}},"normalizations":{}},{"classId":"e_2","part":"s1s3v1","offsets":[{"start":2183,"text":"Sohagh"}],"coordinates":[],"confidence":{"state":"pre-added","who":["ml:regex"],"prob":0.5},"fields":{"f_5":{"value":"Male","confidence":{"state":"pre-added","who":["user:bergeyjesse"],"prob":1}},"f_7":{"value":true,"confidence":{"state":"pre-added","who":["user:bergeyjesse"],"prob":1}}},"normalizations":{}},{"classId":"e_2","part":"s1s3v1","offsets":[{"start":2194,"text":"Kalu"}],"coordinates":[],"confidence":{"state":"pre-added","who":["user:bergeyjesse"],"prob":1},"fields":{"f_6":{"value":"Baunia Bandh","confidence":{"state":"pre-added","who":["user:bergeyjesse"],"prob":1}},"f_7":{"value":true,"confidence":{"state":"pre-added","who":["user:bergeyjesse"],"prob":1}},"f_5":{"value":"Male","confidence":{"state":"pre-added","who":["user:bergeyjesse"],"prob":1}}},"normalizations":{}},{"classId":"e_3","part":"s1s3v1","offsets":[{"start":2296,"text":"Satkhira border"}],"coordinates":[],"confidence":{"state":"pre-added","who":["user:bergeyjesse"],"prob":1},"fields":{},"normalizations":{}},{"classId":"e_3","part":"s1s3v1","offsets":[{"start":2807,"text":"Panjipara of Dinajpur North district in West Bengal"}],"coordinates":[],"confidence":{"state":"pre-added","who":["user:bergeyjesse"],"prob":1},"fields":{},"normalizations":{}},{"classId":"e_2","part":"s1s3v1","offsets":[{"start":2971,"text":"Sohagh"}],"coordinates":[],"confidence":{"state":"pre-added","who":["ml:regex"],"prob":0.5},"fields":{"f_5":{"value":"Male","confidence":{"state":"pre-added","who":["user:bergeyjesse"],"prob":1}},"f_7":{"value":true,"confidence":{"state":"pre-added","who":["user:bergeyjesse"],"prob":1}}},"normalizations":{}},{"classId":"e_2","part":"s1s3v1","offsets":[{"start":2979,"text":"Kalu"}],"coordinates":[],"confidence":{"state":"pre-added","who":["ml:regex"],"prob":0.5},"fields":{"f_6":{"value":"Baunia Bandh","confidence":{"state":"pre-added","who":["user:bergeyjesse"],"prob":1}},"f_7":{"value":true,"confidence":{"state":"pre-added","who":["user:bergeyjesse"],"prob":1}},"f_5":{"value":"Male","confidence":{"state":"pre-added","who":["user:bergeyjesse"],"prob":1}}},"normalizations":{}},{"classId":"e_2","part":"s1s3v1","offsets":[{"start":2985,"text":"Billal Hossain"}],"coordinates":[],"confidence":{"state":"pre-added","who":["user:bergeyjesse"],"prob":1},"fields":{},"normalizations":{}},{"classId":"e_2","part":"s1s3v1","offsets":[{"start":3010,"text":"Razia Khatun"}],"coordinates":[],"confidence":{"state":"pre-added","who":["user:bergeyjesse"],"prob":1},"fields":{"f_5":{"value":"Female","confidence":{"state":"pre-added","who":["user:bergeyjesse"],"prob":1}}},"normalizations":{}},{"classId":"e_2","part":"s1s3v1","offsets":[{"start":3010,"text":"Razia"}],"coordinates":[],"confidence":{"state":"pre-added","who":["user:bergeyjesse"],"prob":1},"fields":{},"normalizations":{}},{"classId":"e_2","part":"s1s3v1","offsets":[{"start":3044,"text":"Asma"}],"coordinates":[],"confidence":{"state":"pre-added","who":["user:bergeyjesse"],"prob":1},"fields":{"f_7":{"value":false,"confidence":{"state":"pre-added","who":["user:bergeyjesse"],"prob":1}},"f_5":{"value":"Female","confidence":{"state":"pre-added","who":["user:bergeyjesse"],"prob":1}}},"normalizations":{}},{"classId":"e_2","part":"s1s3v1","offsets":[{"start":3140,"text":"Sohagh"}],"coordinates":[],"confidence":{"state":"pre-added","who":["ml:regex","user:bergeyjesse"],"prob":1},"fields":{"f_5":{"value":"Male","confidence":{"state":"pre-added","who":["user:bergeyjesse"],"prob":1}},"f_7":{"value":true,"confidence":{"state":"pre-added","who":["user:bergeyjesse"],"prob":1}}},"normalizations":{}},{"classId":"e_2","part":"s1s3v1","offsets":[{"start":3148,"text":"Kalu"}],"coordinates":[],"confidence":{"state":"pre-added","who":["ml:regex","user:bergeyjesse"],"prob":1},"fields":{"f_6":{"value":"Baunia Bandh","confidence":{"state":"pre-added","who":["user:bergeyjesse"],"prob":1}},"f_7":{"value":true,"confidence":{"state":"pre-added","who":["user:bergeyjesse"],"prob":1}},"f_5":{"value":"Male","confidence":{"state":"pre-added","who":["user:bergeyjesse"],"prob":1}}},"normalizations":{}},{"classId":"e_2","part":"s1s3v1","offsets":[{"start":3154,"text":"Billal"}],"coordinates":[],"confidence":{"state":"pre-added","who":["user:bergeyjesse"],"prob":1},"fields":{},"normalizations":{}},{"classId":"e_2","part":"s1s3v1","offsets":[{"start":3165,"text":"Razia"}],"coordinates":[],"confidence":{"state":"pre-added","who":["user:bergeyjesse"],"prob":1},"fields":{"f_5":{"value":"Female","confidence":{"state":"pre-added","who":["user:bergeyjesse"],"prob":1}},"f_7":{"value":true,"confidence":{"state":"pre-added","who":["user:bergeyjesse"],"prob":1}}},"normalizations":{}},{"classId":"e_2","part":"s1s3v1","offsets":[{"start":3592,"text":"Baunia Bandh"}],"coordinates":[],"confidence":{"state":"pre-added","who":["ml:regex"],"prob":0.5},"fields":{},"normalizations":{}},{"classId":"e_2","part":"s1s3v1","offsets":[{"start":3627,"text":"Sohagh"}],"coordinates":[],"confidence":{"state":"pre-added","who":["ml:regex"],"prob":0.5},"fields":{"f_5":{"value":"Male","confidence":{"state":"pre-added","who":["user:bergeyjesse"],"prob":1}},"f_7":{"value":true,"confidence":{"state":"pre-added","who":["user:bergeyjesse"],"prob":1}}},"normalizations":{}},{"classId":"e_2","part":"s1s3v1","offsets":[{"start":3638,"text":"Kalu"}],"coordinates":[],"confidence":{"state":"pre-added","who":["ml:regex"],"prob":0.5},"fields":{"f_6":{"value":"Baunia Bandh","confidence":{"state":"pre-added","who":["user:bergeyjesse"],"prob":1}},"f_7":{"value":true,"confidence":{"state":"pre-added","who":["user:bergeyjesse"],"prob":1}},"f_5":{"value":"Male","confidence":{"state":"pre-added","who":["user:bergeyjesse"],"prob":1}}},"normalizations":{}},{"classId":"e_2","part":"s1s3v1","offsets":[{"start":4716,"text":"Kalu"}],"coordinates":[],"confidence":{"state":"pre-added","who":["ml:regex","user:bergeyjesse"],"prob":1},"fields":{"f_6":{"value":"Baunia Bandh","confidence":{"state":"pre-added","who":["user:bergeyjesse"],"prob":1}},"f_7":{"value":true,"confidence":{"state":"pre-added","who":["user:bergeyjesse"],"prob":1}},"f_5":{"value":"Male","confidence":{"state":"pre-added","who":["user:bergeyjesse"],"prob":1}}},"normalizations":{}}],"relations":[]}