{"annotatable":{"parts":["s1s1v1","s1s2h1","s1s2v1","s1s3h1","s1s3v1","s1s4h1","s1s4v1","s1s5h1","s1s5v1","s1s6h1","s1s6v1"]},"anncomplete":false,"sources":[],"metas":{"m_12":{"value":false,"confidence":{"state":"pre-added","who":["user:bergeyjesse"],"prob":1}},"m_10":{"value":"op_relevant","confidence":{"state":"pre-added","who":["user:bergeyjesse"],"prob":1}}},"entities":[{"classId":"e_1","part":"s1s3v1","offsets":[{"start":463,"text":"Jessika Svendgard"}],"coordinates":[],"confidence":{"state":"pre-added","who":["user:bergeyjesse"],"prob":1},"fields":{"f_4":{"value":"15","confidence":{"state":"pre-added","who":["user:bergeyjesse"],"prob":1}},"f_8":{"value":"prostitution","confidence":{"state":"pre-added","who":["user:bergeyjesse"],"prob":1}}},"normalizations":{}}],"relations":[]}