{"annotatable":{"parts":["s1s1v1","s1s2h1","s1s2v1","s1s3h1","s1s3v1","s1s4h1","s1s4v1","s1s5h1","s1s5v1","s1s6h1","s1s6v1"]},"anncomplete":true,"sources":[],"metas":{"m_10":{"value":"op_relevant","confidence":{"state":"pre-added","who":["user:bergeyjesse"],"prob":1}}},"entities":[{"classId":"e_2","part":"s1s3v1","offsets":[{"start":1376,"text":"Christian Tucker"}],"coordinates":[],"confidence":{"state":"pre-added","who":["user:bergeyjesse"],"prob":1},"fields":{},"normalizations":{}},{"classId":"e_2","part":"s1s3v1","offsets":[{"start":1430,"text":"Daniel Joshua Smith"}],"coordinates":[],"confidence":{"state":"pre-added","who":["user:bergeyjesse"],"prob":1},"fields":{},"normalizations":{}},{"classId":"e_2","part":"s1s3v1","offsets":[{"start":1640,"text":"Brian James Degler"}],"coordinates":[],"confidence":{"state":"pre-added","who":["user:bergeyjesse"],"prob":1},"fields":{},"normalizations":{}},{"classId":"e_2","part":"s1s3v1","offsets":[{"start":1692,"text":"Martieze Antwane Stewart"}],"coordinates":[],"confidence":{"state":"pre-added","who":["user:bergeyjesse"],"prob":1},"fields":{},"normalizations":{}},{"classId":"e_2","part":"s1s3v1","offsets":[{"start":1730,"text":"Christopher Davis Penn"}],"coordinates":[],"confidence":{"state":"pre-added","who":["user:bergeyjesse"],"prob":1},"fields":{},"normalizations":{}},{"classId":"e_2","part":"s1s3v1","offsets":[{"start":1766,"text":"Stanley Edward White"}],"coordinates":[],"confidence":{"state":"pre-added","who":["user:bergeyjesse"],"prob":1},"fields":{},"normalizations":{}},{"classId":"e_2","part":"s1s3v1","offsets":[{"start":1800,"text":"Robert F. DeBerry"}],"coordinates":[],"confidence":{"state":"pre-added","who":["user:bergeyjesse"],"prob":1},"fields":{},"normalizations":{}},{"classId":"e_2","part":"s1s3v1","offsets":[{"start":1851,"text":"Corey B Clines"}],"coordinates":[],"confidence":{"state":"pre-added","who":["user:bergeyjesse"],"prob":1},"fields":{},"normalizations":{}},{"classId":"e_2","part":"s1s3v1","offsets":[{"start":1879,"text":"Grayson Jarrett Goss"}],"coordinates":[],"confidence":{"state":"pre-added","who":["user:bergeyjesse"],"prob":1},"fields":{},"normalizations":{}},{"classId":"e_2","part":"s1s3v1","offsets":[{"start":1913,"text":"Timothy Eugene Cannington"}],"coordinates":[],"confidence":{"state":"pre-added","who":["user:bergeyjesse"],"prob":1},"fields":{},"normalizations":{}},{"classId":"e_2","part":"s1s3v1","offsets":[{"start":2049,"text":"Freddie Bernard Buckholts"}],"coordinates":[],"confidence":{"state":"pre-added","who":["user:bergeyjesse"],"prob":1},"fields":{},"normalizations":{}},{"classId":"e_2","part":"s1s3v1","offsets":[{"start":2088,"text":"Willie Lester"}],"coordinates":[],"confidence":{"state":"pre-added","who":["user:bergeyjesse"],"prob":1},"fields":{},"normalizations":{}}],"relations":[]}