{"annotatable":{"parts":["s1s1v1","s1s2h1","s1s2v1","s1s3h1","s1s3v1","s1s4h1","s1s4v1","s1s5h1","s1s5v1","s1s6h1","s1s6v1"]},"anncomplete":true,"sources":[],"metas":{"m_10":{"value":"op_relevant","confidence":{"state":"pre-added","who":["user:bergeyjesse"],"prob":1}}},"entities":[{"classId":"e_2","part":"s1s3v1","offsets":[{"start":112,"text":"Mohammed Jalloh Massaquoi"}],"coordinates":[],"confidence":{"state":"pre-added","who":["user:bergeyjesse"],"prob":1},"fields":{"f_4":{"value":"29","confidence":{"state":"pre-added","who":["user:bergeyjesse"],"prob":1}},"f_7":{"value":true,"confidence":{"state":"pre-added","who":["user:bergeyjesse"],"prob":1}},"f_5":{"value":"Male","confidence":{"state":"pre-added","who":["user:bergeyjesse"],"prob":1}},"f_13":{"value":"Mr. Massaquoi","confidence":{"state":"pre-added","who":["user:bergeyjesse"],"prob":1}},"f_6":{"value":"Sierra Leone","confidence":{"state":"pre-added","who":["user:bergeyjesse"],"prob":1}}},"normalizations":{}},{"classId":"e_2","part":"s1s3v1","offsets":[{"start":1170,"text":"Momo Kamara"}],"coordinates":[],"confidence":{"state":"pre-added","who":["user:bergeyjesse"],"prob":1},"fields":{"f_7":{"value":false,"confidence":{"state":"pre-added","who":["user:bergeyjesse"],"prob":1}},"f_5":{"value":"Male","confidence":{"state":"pre-added","who":["user:bergeyjesse"],"prob":1}},"f_6":{"value":"Liberia","confidence":{"state":"pre-added","who":["user:bergeyjesse"],"prob":1}},"f_13":{"value":"Mr. Kamara","confidence":{"state":"pre-added","who":["user:bergeyjesse"],"prob":1}}},"normalizations":{}},{"classId":"e_2","part":"s1s3v1","offsets":[{"start":1247,"text":"Momo Kamara"}],"coordinates":[],"confidence":{"state":"pre-added","who":["ml:regex","user:bergeyjesse"],"prob":1},"fields":{"f_7":{"value":false,"confidence":{"state":"pre-added","who":["user:bergeyjesse"],"prob":1}},"f_5":{"value":"Male","confidence":{"state":"pre-added","who":["user:bergeyjesse"],"prob":1}},"f_6":{"value":"Liberia","confidence":{"state":"pre-added","who":["user:bergeyjesse"],"prob":1}}},"normalizations":{}},{"classId":"e_2","part":"s1s3v1","offsets":[{"start":1717,"text":"Momo Kamara"}],"coordinates":[],"confidence":{"state":"pre-added","who":["ml:regex"],"prob":0.5},"fields":{"f_7":{"value":false,"confidence":{"state":"pre-added","who":["user:bergeyjesse"],"prob":1}},"f_5":{"value":"Male","confidence":{"state":"pre-added","who":["user:bergeyjesse"],"prob":1}},"f_6":{"value":"Liberia","confidence":{"state":"pre-added","who":["user:bergeyjesse"],"prob":1}},"f_13":{"value":"Mr. Kamara","confidence":{"state":"pre-added","who":["user:bergeyjesse"],"prob":1}}},"normalizations":{}}],"relations":[]}