{"annotatable":{"parts":["s1s1v1","s1s2h1","s1s2v1","s1s3h1","s1s3v1","s1s4h1","s1s4v1","s1s5h1","s1s5v1","s1s6h1","s1s6v1"]},"anncomplete":true,"sources":[],"metas":{"m_10":{"value":"op_relevant","confidence":{"state":"pre-added","who":["user:bergeyjesse"],"prob":1}}},"entities":[{"classId":"e_3","part":"s1s3v1","offsets":[{"start":260,"text":"Sihanoukville"}],"coordinates":[],"confidence":{"state":"pre-added","who":["user:bergeyjesse"],"prob":1},"fields":{},"normalizations":{}},{"classId":"e_3","part":"s1s3v1","offsets":[{"start":470,"text":"Century Casino"}],"coordinates":[],"confidence":{"state":"pre-added","who":["user:bergeyjesse"],"prob":1},"fields":{},"normalizations":{}},{"classId":"e_3","part":"s1s3v1","offsets":[{"start":488,"text":"Sihanoukville"}],"coordinates":[],"confidence":{"state":"pre-added","who":["ml:regex"],"prob":0.5},"fields":{},"normalizations":{}},{"classId":"e_2","part":"s1s3v1","offsets":[{"start":1097,"text":"Long"}],"coordinates":[],"confidence":{"state":"pre-added","who":["user:bergeyjesse"],"prob":1},"fields":{"f_5":{"value":"Male","confidence":{"state":"pre-added","who":["user:bergeyjesse"],"prob":1}},"f_7":{"value":false,"confidence":{"state":"pre-added","who":["user:bergeyjesse"],"prob":1}}},"normalizations":{}},{"classId":"e_1","part":"s1s3v1","offsets":[{"start":1420,"text":"Hang Lily"}],"coordinates":[],"confidence":{"state":"pre-added","who":["user:bergeyjesse"],"prob":1},"fields":{"f_5":{"value":"Female","confidence":{"state":"pre-added","who":["user:bergeyjesse"],"prob":1}},"f_8":{"value":"Forced Labor","confidence":{"state":"pre-added","who":["user:bergeyjesse"],"prob":1}},"f_9":{"value":"False Job","confidence":{"state":"pre-added","who":["user:bergeyjesse"],"prob":1}}},"normalizations":{}},{"classId":"e_1","part":"s1s3v1","offsets":[{"start":1431,"text":"Hang Tyty"}],"coordinates":[],"confidence":{"state":"pre-added","who":["user:bergeyjesse"],"prob":1},"fields":{"f_5":{"value":"Female","confidence":{"state":"pre-added","who":["user:bergeyjesse"],"prob":1}},"f_8":{"value":"Forced Labor","confidence":{"state":"pre-added","who":["user:bergeyjesse"],"prob":1}},"f_9":{"value":"False Job","confidence":{"state":"pre-added","who":["user:bergeyjesse"],"prob":1}}},"normalizations":{}},{"classId":"e_1","part":"s1s3v1","offsets":[{"start":1446,"text":"Nguon Chim"}],"coordinates":[],"confidence":{"state":"pre-added","who":["user:bergeyjesse"],"prob":1},"fields":{"f_8":{"value":"Forced Labor","confidence":{"state":"pre-added","who":["user:bergeyjesse"],"prob":1}},"f_5":{"value":"Male","confidence":{"state":"pre-added","who":["user:bergeyjesse"],"prob":1}},"f_9":{"value":"False Job","confidence":{"state":"pre-added","who":["user:bergeyjesse"],"prob":1}}},"normalizations":{}},{"classId":"e_3","part":"s1s3v1","offsets":[{"start":2260,"text":"Sihanoukville"}],"coordinates":[],"confidence":{"state":"pre-added","who":["ml:regex"],"prob":0.5},"fields":{},"normalizations":{}},{"classId":"e_3","part":"s1s3v1","offsets":[{"start":2276,"text":"Century Casino"}],"coordinates":[],"confidence":{"state":"pre-added","who":["ml:regex"],"prob":0.5},"fields":{},"normalizations":{}},{"classId":"e_3","part":"s1s3v1","offsets":[{"start":2883,"text":"Sihanoukville"}],"coordinates":[],"confidence":{"state":"pre-added","who":["ml:regex"],"prob":0.5},"fields":{},"normalizations":{}}],"relations":[]}