{"annotatable":{"parts":["s1s1v1","s1s2h1","s1s2v1","s1s3h1","s1s3v1","s1s4h1","s1s4v1","s1s5h1","s1s5v1","s1s6h1","s1s6v1"]},"anncomplete":true,"sources":[],"metas":{"m_10":{"value":"op_relevant","confidence":{"state":"pre-added","who":["user:bergeyjesse"],"prob":1}}},"entities":[{"classId":"e_3","part":"s1s3v1","offsets":[{"start":0,"text":"NEW ORLEANS"}],"coordinates":[],"confidence":{"state":"pre-added","who":["ml:regex"],"prob":0.5},"fields":{},"normalizations":{}},{"classId":"e_3","part":"s1s3v1","offsets":[{"start":162,"text":"New Orleans"}],"coordinates":[],"confidence":{"state":"pre-added","who":["user:bergeyjesse"],"prob":1},"fields":{},"normalizations":{}},{"classId":"e_3","part":"s1s3v1","offsets":[{"start":1093,"text":"Bourbon Street"}],"coordinates":[],"confidence":{"state":"pre-added","who":["user:bergeyjesse"],"prob":1},"fields":{},"normalizations":{}},{"classId":"e_3","part":"s1s3v1","offsets":[{"start":1116,"text":"Chef Highway"}],"coordinates":[],"confidence":{"state":"pre-added","who":["user:bergeyjesse"],"prob":1},"fields":{},"normalizations":{}},{"classId":"e_3","part":"s1s3v1","offsets":[{"start":1137,"text":"New Orleans"}],"coordinates":[],"confidence":{"state":"pre-added","who":["ml:regex"],"prob":0.5},"fields":{},"normalizations":{}},{"classId":"e_3","part":"s1s3v1","offsets":[{"start":1186,"text":"7900 block of Benson Street New Orleans, LA"}],"coordinates":[],"confidence":{"state":"pre-added","who":["user:bergeyjesse"],"prob":1},"fields":{},"normalizations":{}},{"classId":"e_3","part":"s1s3v1","offsets":[{"start":1214,"text":"New Orleans"}],"coordinates":[],"confidence":{"state":"pre-added","who":["ml:regex"],"prob":0.5},"fields":{},"normalizations":{}},{"classId":"e_3","part":"s1s3v1","offsets":[{"start":1443,"text":"Hammond, LA"}],"coordinates":[],"confidence":{"state":"pre-added","who":["user:bergeyjesse"],"prob":1},"fields":{},"normalizations":{}},{"classId":"e_3","part":"s1s3v1","offsets":[{"start":1673,"text":"New Orleans"}],"coordinates":[],"confidence":{"state":"pre-added","who":["ml:regex"],"prob":0.5},"fields":{},"normalizations":{}},{"classId":"e_3","part":"s1s3v1","offsets":[{"start":1838,"text":"motel off Read Blvd. in New Orleans East"}],"coordinates":[],"confidence":{"state":"pre-added","who":["user:bergeyjesse"],"prob":1},"fields":{},"normalizations":{}},{"classId":"e_3","part":"s1s3v1","offsets":[{"start":1862,"text":"New Orleans"}],"coordinates":[],"confidence":{"state":"pre-added","who":["ml:regex"],"prob":0.5},"fields":{},"normalizations":{}},{"classId":"e_3","part":"s1s3v1","offsets":[{"start":2125,"text":"Baton Rouge, LA"}],"coordinates":[],"confidence":{"state":"pre-added","who":["ml:regex"],"prob":0.5},"fields":{},"normalizations":{}},{"classId":"e_3","part":"s1s3v1","offsets":[{"start":2177,"text":"Baton Rouge, LA"}],"coordinates":[],"confidence":{"state":"pre-added","who":["ml:regex"],"prob":0.5},"fields":{},"normalizations":{}},{"classId":"e_3","part":"s1s3v1","offsets":[{"start":2399,"text":"Baton Rouge"}],"coordinates":[],"confidence":{"state":"pre-added","who":["ml:regex"],"prob":0.5},"fields":{},"normalizations":{}},{"classId":"e_3","part":"s1s3v1","offsets":[{"start":2481,"text":"Baton Rouge"}],"coordinates":[],"confidence":{"state":"pre-added","who":["ml:regex"],"prob":0.5},"fields":{},"normalizations":{}},{"classId":"e_3","part":"s1s3v1","offsets":[{"start":2676,"text":"New Orleans"}],"coordinates":[],"confidence":{"state":"pre-added","who":["ml:regex"],"prob":0.5},"fields":{},"normalizations":{}},{"classId":"e_3","part":"s1s3v1","offsets":[{"start":2804,"text":"New Orleans"}],"coordinates":[],"confidence":{"state":"pre-added","who":["ml:regex"],"prob":0.5},"fields":{},"normalizations":{}},{"classId":"e_3","part":"s1s3v1","offsets":[{"start":3005,"text":"St. Tammany Parish"}],"coordinates":[],"confidence":{"state":"pre-added","who":["user:bergeyjesse"],"prob":1},"fields":{},"normalizations":{}},{"classId":"e_3","part":"s1s3v1","offsets":[{"start":3066,"text":"Baton Rouge"}],"coordinates":[],"confidence":{"state":"pre-added","who":["user:bergeyjesse"],"prob":1},"fields":{},"normalizations":{}},{"classId":"e_3","part":"s1s3v1","offsets":[{"start":3184,"text":"an apartment in Baton Rouge"}],"coordinates":[],"confidence":{"state":"pre-added","who":["user:bergeyjesse"],"prob":1},"fields":{},"normalizations":{}},{"classId":"e_3","part":"s1s3v1","offsets":[{"start":3200,"text":"Baton Rouge"}],"coordinates":[],"confidence":{"state":"pre-added","who":["ml:regex"],"prob":0.5},"fields":{},"normalizations":{}},{"classId":"e_3","part":"s1s3v1","offsets":[{"start":3277,"text":"Baton Rouge"}],"coordinates":[],"confidence":{"state":"pre-added","who":["ml:regex"],"prob":0.5},"fields":{},"normalizations":{}},{"classId":"e_2","part":"s1s3v1","offsets":[{"start":3431,"text":"Lorenzo Oliver"}],"coordinates":[],"confidence":{"state":"pre-added","who":["user:bergeyjesse"],"prob":1},"fields":{"f_5":{"value":"Male","confidence":{"state":"pre-added","who":["user:bergeyjesse"],"prob":1}},"f_13":{"value":"Oliver","confidence":{"state":"pre-added","who":["user:bergeyjesse"],"prob":1}},"f_7":{"value":true,"confidence":{"state":"pre-added","who":["user:bergeyjesse"],"prob":1}}},"normalizations":{}},{"classId":"e_3","part":"s1s3v1","offsets":[{"start":3489,"text":"New Orleans"}],"coordinates":[],"confidence":{"state":"pre-added","who":["ml:regex"],"prob":0.5},"fields":{},"normalizations":{}},{"classId":"e_3","part":"s1s3v1","offsets":[{"start":3624,"text":"West Bank of New Orleans"}],"coordinates":[],"confidence":{"state":"pre-added","who":["user:bergeyjesse"],"prob":1},"fields":{},"normalizations":{}},{"classId":"e_3","part":"s1s3v1","offsets":[{"start":3637,"text":"New Orleans"}],"coordinates":[],"confidence":{"state":"pre-added","who":["ml:regex","user:bergeyjesse"],"prob":1},"fields":{},"normalizations":{}},{"classId":"e_3","part":"s1s3v1","offsets":[{"start":4435,"text":"Gonzales"}],"coordinates":[],"confidence":{"state":"pre-added","who":["user:bergeyjesse"],"prob":1},"fields":{},"normalizations":{}},{"classId":"e_2","part":"s1s3v1","offsets":[{"start":4569,"text":"James Sorrell"}],"coordinates":[],"confidence":{"state":"pre-added","who":["user:bergeyjesse"],"prob":1},"fields":{"f_7":{"value":true,"confidence":{"state":"pre-added","who":["user:bergeyjesse"],"prob":1}},"f_5":{"value":"Male","confidence":{"state":"pre-added","who":["user:bergeyjesse"],"prob":1}},"f_13":{"value":"Sorrell","confidence":{"state":"pre-added","who":["user:bergeyjesse"],"prob":1}}},"normalizations":{}},{"classId":"e_3","part":"s1s3v1","offsets":[{"start":4614,"text":"New Orleans"}],"coordinates":[],"confidence":{"state":"pre-added","who":["ml:regex"],"prob":0.5},"fields":{},"normalizations":{}},{"classId":"e_2","part":"s1s3v1","offsets":[{"start":5080,"text":"David Douglas Smith"}],"coordinates":[],"confidence":{"state":"pre-added","who":["user:bergeyjesse"],"prob":1},"fields":{"f_7":{"value":true,"confidence":{"state":"pre-added","who":["user:bergeyjesse"],"prob":1}},"f_5":{"value":"Male","confidence":{"state":"pre-added","who":["user:bergeyjesse"],"prob":1}},"f_13":{"value":"Smith","confidence":{"state":"pre-added","who":["user:bergeyjesse"],"prob":1}}},"normalizations":{}},{"classId":"e_3","part":"s1s3v1","offsets":[{"start":5243,"text":"Baton Rouge"}],"coordinates":[],"confidence":{"state":"pre-added","who":["ml:regex"],"prob":0.5},"fields":{},"normalizations":{}},{"classId":"e_3","part":"s1s3v1","offsets":[{"start":5348,"text":"Hammond, LA"}],"coordinates":[],"confidence":{"state":"pre-added","who":["ml:regex"],"prob":0.5},"fields":{},"normalizations":{}},{"classId":"e_2","part":"s1s3v1","offsets":[{"start":5621,"text":"Lamonte Versill Morris"}],"coordinates":[],"confidence":{"state":"pre-added","who":["user:bergeyjesse"],"prob":1},"fields":{"f_7":{"value":true,"confidence":{"state":"pre-added","who":["user:bergeyjesse"],"prob":1}},"f_5":{"value":"Male","confidence":{"state":"pre-added","who":["user:bergeyjesse"],"prob":1}},"f_13":{"value":"Morris","confidence":{"state":"pre-added","who":["user:bergeyjesse"],"prob":1}}},"normalizations":{}},{"classId":"e_3","part":"s1s3v1","offsets":[{"start":5989,"text":"New Orleans"}],"coordinates":[],"confidence":{"state":"pre-added","who":["ml:regex"],"prob":0.5},"fields":{},"normalizations":{}},{"classId":"e_3","part":"s1s3v1","offsets":[{"start":6059,"text":"New Orleans"}],"coordinates":[],"confidence":{"state":"pre-added","who":["ml:regex"],"prob":0.5},"fields":{},"normalizations":{}},{"classId":"e_2","part":"s1s3v1","offsets":[{"start":6108,"text":"James E. Muse"}],"coordinates":[],"confidence":{"state":"pre-added","who":["user:bergeyjesse"],"prob":1},"fields":{"f_7":{"value":true,"confidence":{"state":"pre-added","who":["user:bergeyjesse"],"prob":1}},"f_5":{"value":"Male","confidence":{"state":"pre-added","who":["user:bergeyjesse"],"prob":1}},"f_13":{"value":"Muse","confidence":{"state":"pre-added","who":["user:bergeyjesse"],"prob":1}}},"normalizations":{}},{"classId":"e_2","part":"s1s3v1","offsets":[{"start":6668,"text":"Anthony Roberts"}],"coordinates":[],"confidence":{"state":"pre-added","who":["user:bergeyjesse"],"prob":1},"fields":{"f_7":{"value":true,"confidence":{"state":"pre-added","who":["user:bergeyjesse"],"prob":1}},"f_5":{"value":"Male","confidence":{"state":"pre-added","who":["user:bergeyjesse"],"prob":1}},"f_13":{"value":"Roberts","confidence":{"state":"pre-added","who":["user:bergeyjesse"],"prob":1}}},"normalizations":{}},{"classId":"e_3","part":"s1s3v1","offsets":[{"start":7134,"text":"Tabany Street in Metairie, Louisiana"}],"coordinates":[],"confidence":{"state":"pre-added","who":["user:bergeyjesse"],"prob":1},"fields":{},"normalizations":{}},{"classId":"e_2","part":"s1s3v1","offsets":[{"start":7228,"text":"Kuimar Stephens"}],"coordinates":[],"confidence":{"state":"pre-added","who":["user:bergeyjesse"],"prob":1},"fields":{"f_7":{"value":true,"confidence":{"state":"pre-added","who":["user:bergeyjesse"],"prob":1}},"f_5":{"value":"Male","confidence":{"state":"pre-added","who":["user:bergeyjesse"],"prob":1}},"f_13":{"value":"Stephens","confidence":{"state":"pre-added","who":["user:bergeyjesse"],"prob":1}}},"normalizations":{}},{"classId":"e_3","part":"s1s3v1","offsets":[{"start":7266,"text":"6900 block of Yorktown Dr. New Orleans"}],"coordinates":[],"confidence":{"state":"pre-added","who":["user:bergeyjesse"],"prob":1},"fields":{},"normalizations":{}},{"classId":"e_3","part":"s1s3v1","offsets":[{"start":7293,"text":"New Orleans"}],"coordinates":[],"confidence":{"state":"pre-added","who":["ml:regex"],"prob":0.5},"fields":{},"normalizations":{}},{"classId":"e_3","part":"s1s3v1","offsets":[{"start":7695,"text":"New Orleans"}],"coordinates":[],"confidence":{"state":"pre-added","who":["ml:regex"],"prob":0.5},"fields":{},"normalizations":{}},{"classId":"e_2","part":"s1s3v1","offsets":[{"start":7769,"text":"Kuimar Stephens"}],"coordinates":[],"confidence":{"state":"pre-added","who":["ml:regex"],"prob":0.5},"fields":{"f_7":{"value":true,"confidence":{"state":"pre-added","who":["user:bergeyjesse"],"prob":1}},"f_5":{"value":"Male","confidence":{"state":"pre-added","who":["user:bergeyjesse"],"prob":1}},"f_13":{"value":"Stephens","confidence":{"state":"pre-added","who":["user:bergeyjesse"],"prob":1}}},"normalizations":{}},{"classId":"e_3","part":"s1s3v1","offsets":[{"start":8045,"text":"New Orleans"}],"coordinates":[],"confidence":{"state":"pre-added","who":["ml:regex"],"prob":0.5},"fields":{},"normalizations":{}},{"classId":"e_3","part":"s1s3v1","offsets":[{"start":8157,"text":"New Orleans"}],"coordinates":[],"confidence":{"state":"pre-added","who":["ml:regex"],"prob":0.5},"fields":{},"normalizations":{}},{"classId":"e_3","part":"s1s4v1","offsets":[{"start":53,"text":"New Orleans"}],"coordinates":[],"confidence":{"state":"pre-added","who":["ml:regex"],"prob":0.5},"fields":{},"normalizations":{}}],"relations":[]}